Монголын уран зохиолын дээжис 1,Цэндийн Дамдинсүрэн,2005,Монголын уран зохиолын дээжис,1
Монголын уран зохиолын дээжис 2 гэсэр,Цэндийн Дамдинсүрэн,2005,Монголын уран зохиолын дээжис,2
Монголын уран зохиолын дээжис 3,Цэндийн Дамдинсүрэн,2005,Монголын уран зохиолын дээжис,3
Монголын уран зохиолын дээжис 4,Цэндийн Дамдинсүрэн,2005,Монголын уран зохиолын дээжис,3
Монголын уран зохиолын дээжис 5,Цэндийн Дамдинсүрэн,2005,Монголын уран зохиолын дээжис,4
Монголын уран зохиолын дээжис 6,,2005,Монголын уран зохиолын дээжис,2
Монголын уран зохиолын дээжис 7,,2005,Монголын уран зохиолын дээжис,1
Монголын уран зохиолын дээжис 8,,2005,Монголын уран зохиолын дээжис,1
Монголын уран зохиолын дээжис 9,Дашдоржийн Нацагдорж,2005,Монголын уран зохиолын дээжис,3
Монголын уран зохиолын дээжис 10,Дашдоржийн Нацагдорж,2005,Монголын уран зохиолын дээжис,3
Монголын уран зохиолын дээжис 11,Сонолбалжирын Буяннэмэх,2005,Монголын уран зохиолын дээжис,1
Монголын уран зохиолын дээжис 12,Цэндийн Дамдинсүрэн,2005,Монголын уран зохиолын дээжис,1
Монголын уран зохиолын дээжис 13,Бямбын Ринчин,2005,Монголын уран зохиолын дээжис,1
Монголын уран зохиолын дээжис 14,,2005,Монголын уран зохиолын дээжис,2
Монголын уран зохиолын дээжис 15,,2005,Монголын уран зохиолын дээжис,3
Монголын уран зохиолын дээжис 16,,2005,Монголын уран зохиолын дээжис,2
Монголын уран зохиолын дээжис 17,Донровын Намдаг,2005,Монголын уран зохиолын дээжис,3
Монголын уран зохиолын дээжис 18,Донровын Намдаг,2005,Монголын уран зохиолын дээжис,3
Монголын уран зохиолын дээжис 19,Дашзэвэгийн Сэнгээ,2005,Монголын уран зохиолын дээжис,4
Монголын уран зохиолын дээжис 20,Шагдаржавын Нацагдорж,2005,Монголын уран зохиолын дээжис,4
Монголын уран зохиолын дээжис 21,Базарын Ширэндэв,2005,Монголын уран зохиолын дээжис,4
Монголын уран зохиолын дээжис 22,Чадраабалын Лодойдамба,2005,Монголын уран зохиолын дээжис,3
Монголын уран зохиолын дээжис 24,Ламжавын Ванган,2005,Монголын уран зохиолын дээжис,3
Монголын уран зохиолын дээжис 25,Чойжилын Чимид,2005,Монголын уран зохиолын дээжис,4
Монголын уран зохиолын дээжис 26,Пүрэвийн Хорлоо,2005,Монголын уран зохиолын дээжис,4
Монголын уран зохиолын дээжис 27,Сономын Удвал,2005,Монголын уран зохиолын дээжис,3
Монголын уран зохиолын дээжис 28,Бэгзийн Явуухулан,2005,Монголын уран зохиолын дээжис,2
Монголын уран зохиолын дээжис 29,Цэвэгмидийн Гайтав,2005,Монголын уран зохиолын дээжис,3
Монголын уран зохиолын дээжис 30,Чадраабалын Лодойдамба,2005,Монголын уран зохиолын дээжис,4
Монголын уран зохиолын дээжис 31,Сэнгийн Эрдэнэ,2005,Монголын уран зохиолын дээжис,2
Монголын уран зохиолын дээжис 32,Дэндэвийн Пүрэвдорж,2005,Монголын уран зохиолын дээжис,2
Монголын уран зохиолын дээжис 33,Дэндэвийн Пүрэвдорж,2005,Монголын уран зохиолын дээжис,4
Монголын уран зохиолын дээжис 34,Сормууны Дашдооров,2005,Монголын уран зохиолын дээжис,2
Монголын уран зохиолын дээжис 36,,1998,Монголын уран зохиолын дээжис,1
Монголын уран зохиолын дээжис 37,,,Монголын уран зохиолын дээжис,1
Монголын уран зохиолын дээжис 38,,1998,Монголын уран зохиолын дээжис,1
Монголын уран зохиолын дээжис 41,,1998,Монголын уран зохиолын дээжис,1
Монголын уран зохиолын дээжис 42,,1998,Монголын уран зохиолын дээжис,2
Монголын уран зохиолын дээжис 43,,1998,Монголын уран зохиолын дээжис,1
Монголын уран зохиолын дээжис 44,,1998,Монголын уран зохиолын дээжис,2
Монголын уран зохиолын дээжис 45,,1998,Монголын уран зохиолын дээжис,2
Монголын уран зохиолын дээжис 49,Л.Ванган,1998,Монголын уран зохиолын дээжис,2
Монголын уран зохиолын дээжис 50,,1998,Монголын уран зохиолын дээжис,2
Монголын уран зохиолын дээжис 51,,1998,Монголын уран зохиолын дээжис,2
Монголын уран зохиолын дээжис 52,,1998,Монголын уран зохиолын дээжис,2
Монголын уран зохиолын дээжис 54,,,Монголын уран зохиолын дээжис,2
Монголын уран зохиолын дээжис 55,,1998,Монголын уран зохиолын дээжис,2
Монголын уран зохиолын дээжис 56,,1998,Монголын уран зохиолын дээжис,2
Монголын уран зохиолын дээжис 59,,1999,Монголын уран зохиолын дээжис,2
Монголын уран зохиолын дээжис 60,,1999,Монголын уран зохиолын дээжис,2
Монголын уран зохиолын дээжис 61,,1999,Монголын уран зохиолын дээжис,2
Монголын уран зохиолын дээжис 62,,1999,Монголын уран зохиолын дээжис,1
Монголын уран зохиолын дээжис 63,,1999,Монголын уран зохиолын дээжис,2
Монголын уран зохиолын дээжис 64,,1999,Монголын уран зохиолын дээжис,2
Монголын уран зохиолын дээжис 65,,1999,Монголын уран зохиолын дээжис,2
Монголын уран зохиолын дээжис 66,,1999,Монголын уран зохиолын дээжис,1
Монголын уран зохиолын дээжис 70,,2001,Монголын уран зохиолын дээжис,2
Монголын уран зохиолын дээжис 71,,2001,Монголын уран зохиолын дээжис,1
Монголын уран зохиолын дээжис 72,,2001,Монголын уран зохиолын дээжис,1
Монголын уран зохиолын дээжис 73,Дарамын Батбаяр,2000,Монголын уран зохиолын дээжис,2
Монголын уран зохиолын дээжис 75,,2000,Монголын уран зохиолын дээжис,2
Монголын уран зохиолын дээжис 76,,2001,Монголын уран зохиолын дээжис,2
Монголын уран зохиолын дээжис 77,,2000,Монголын уран зохиолын дээжис,1
Монголын уран зохиолын дээжис 78,,2000,Монголын уран зохиолын дээжис,1
Монголын уран зохиолын дээжис 79,,2000,Монголын уран зохиолын дээжис,1
Монголын уран зохиолын дээжис 81,,2002,Монголын уран зохиолын дээжис,2
Монголын уран зохиолын дээжис 82,,,Монголын уран зохиолын дээжис,2
Монголын уран зохиолын дээжис 83,,2002,Монголын уран зохиолын дээжис,2
Монголын уран зохиолын дээжис 84,,2002,Монголын уран зохиолын дээжис,2
Монголын уран зохиолын дээжис 85,,2002,Монголын уран зохиолын дээжис,1
Монголын уран зохиолын дээжис 88,,2002,Монголын уран зохиолын дээжис,
Монголын уран зохиолын дээжис 89,,2002,Монголын уран зохиолын дээжис,1
Монголын уран зохиолын дээжис 93,,2004,Монголын уран зохиолын дээжис,2
Монголын уран зохиолын дээжис 94,,2004,Монголын уран зохиолын дээжис,1
Монголын уран зохиолын дээжис 97,,2004,Монголын уран зохиолын дээжис,1
Монголын уран зохиолын дээжис 98,,,Монголын уран зохиолын дээжис,1
Монголын уран зохиолын дээжис 99,,2004,Монголын уран зохиолын дээжис,1
Монголын уран зохиолын дээжис 101,,2003,Монголын уран зохиолын дээжис,2
Монголын уран зохиолын дээжис 102,,2003,Монголын уран зохиолын дээжис,2
Монголын уран зохиолын дээжис 104,,2004,Монголын уран зохиолын дээжис,2
Монголын уран зохиолын дээжис 105,,2003,Монголын уран зохиолын дээжис,2
Монголын уран зохиолын дээжис 108,,2004,Монголын уран зохиолын дээжис,1
Үрийг хүмүнжүүлэх судар,,2018,Хувь хүний хөгжил,3
Тоомжиргүй амьдрах бяцхан урлаг,Марк Мэнсон,2016,Хувь хүний хөгжил,1
Өөрчлөлтийн менежмент,Болор судар,2018,Хувь хүний хөгжил,2
Оновчтой шийдвэр гаргах,Болор судар,2018,Хувь хүний хөгжил,3
Багийн зохион байгуулалт,Болор судар,2018,Хувь хүний хөгжил,3
Шилдэг удирдагч болох нь,Болор судар,2018,Хувь хүний хөгжил,3
Биеийн хэл ба менежмент,Болор судар,2018,Хувь хүний хөгжил,4
Төслийн менежмент,Болор судар,2018,Хувь хүний хөгжил,1
Би турж чаддаггүЙ,Доктор Пьер Дюкан,2018,Хувь хүний хөгжил,5
BECOMING Миний түүх,Мишель Обома,2018,Хувь хүний хөгжил,2
Хүний бие хэрхэн ажилладаг вэ,Мон судар,2018,Хувь хүний хөгжил,3
Амьдралыг өөрчлөх эмх цэгц ба түүний гайхамшигт ид шид,Мари Кондо,2012,Хувь хүний хөгжил,2
Жек Ма гийн бүтээсэн АЛИБАБА,Данкан Кларк,2017,Хувь хүний хөгжил,3
Хятадад үйлдвэрлэв,Дональд Н.Салл,2010,Хувь хүний хөгжил,1
Хувь хүний хөгжлийн сонжоо,Абдуулах Доган,,Хувь хүний хөгжил,1
Миний бяслаг Хаачив,Спенсэр Жонсон,2006,Хувь хүний хөгжил,1
Цахим Эринд найз нөхдөө хэрхэн өөртөө татаж бусдад нөлөөлөх вэ,Дэйл Карнеги,2017,Хувь хүний хөгжил,1
SHOE DOG,Фил найт,2018,Хувь хүний хөгжил,2
Баян аав ядуу аав 1,Роберт киозаки,1999,Хувь хүний хөгжил,1
Баян аав ядуу аав 2,Роберт киозаки,1999,Хувь хүний хөгжил,4
Нэгэн хичээлд багтаасан либерари үзэл,Дэвид Бэргланд,2005,Хувь хүний хөгжил,1
Хадгаламж өлсөхөөс эхэлдэг,Ганбат,2019,Хувь хүний хөгжил,1
Зоогийн газрын үйлчилгээ мэргэжлийн ёс зүй,Өнөржаргал,2014,Хувь хүний хөгжил,3
Эзэгтэй таны туслах,Болор судар,2012,Хувь хүний хөгжил,1
Өглөөний гайхамшиг,Роберт киозаки,,Хувь хүний хөгжил,1
Чинад сэтгэл зүй парапсихологи 1,,2015,Хувь хүний хөгжил,2
чинад сэтгэл зүй парапсихологи 2,,2015,Хувь хүний хөгжил,2
Виктор график дизайн,Түмэнжаргал,2013,Хувь хүний хөгжил,2
AFTER EFFECTS,Түмэнжаргал,2010,Хувь хүний хөгжил,3
Хэвлэлийн эх бэлтгэл дизайн,Түмэнжаргал,2010,Хувь хүний хөгжил,2
Фото график дизайн,Түмэнжаргал,2016,Хувь хүний хөгжил,1
Desserts Сонгодог амттан,,2017,Хувь хүний хөгжил,1
Цагаан хоол эрүүл мэнд,,2014,Хувь хүний хөгжил,1
Эрүүл илчлэг 99,,,Хувь хүний хөгжил,2
Агнистын гэгээ 4,,2016,Хувь хүний хөгжил,2
Агнистын гэгээ 5,,2016,Хувь хүний хөгжил,1
Агнистын гэгээ 6,,2016,Хувь хүний хөгжил,2
Агнистын гэгээ 7,,2016,Хувь хүний хөгжил,2
Агнистын гэгээ 8,,2016,Хувь хүний хөгжил,2
Агнистын гэгээ 9,,2016,Хувь хүний хөгжил,1
Агнистын гэгээ 10,,2016,Хувь хүний хөгжил,2
Агнистбын гэгээ 11,,2016,Хувь хүний хөгжил,3
Агнистын гэгээ 12,,2016,Хувь хүний хөгжил,3
Агнистын гэгээ 13,,2016,Хувь хүний хөгжил,3
Агнистын гэгээ 14,,2016,Хувь хүний хөгжил,1
Агнистын гэгээ 15,,2016,Хувь хүний хөгжил,2
Агнистын гэгээ 16,,2017,Хувь хүний хөгжил,1
Випашяна амин чухал эрдэнэ,Саяажа У Ба Кин,2019,Хувь хүний хөгжил,1
Тархины иога,Даваадаш,,Хувь хүний хөгжил,3
Манлайлагчийн зам,Мон судар,2012,Хувь хүний хөгжил,1
Гэр бүлийн нууц,Дарья донцова,,Хувь хүний хөгжил,1
Зарчимд тулгуурласан манлайлал,Стевин Кови,2009,Хувь хүний хөгжил,1
Тасдаж үл болох сарнаЙ,Балтын Эрхэмбаяр,2015,Хувь хүний хөгжил,1
Амжилтын амьд соронз,Пүрэвсүрэн Буяндэлгэр,2003,Хувь хүний хөгжил,2
Хэрхэн найз нөхдөөр хүрээлүүлж хамт олныг байлдан дагуулах вэ,Дейл Карнеги,2012,Хувь хүний хөгжил,1
Багаар ажиллах эрдэм,Тэгшжаргал,2009,Хувь хүний хөгжил,1
Босс хүүхэн,Тина фей,,Хувь хүний хөгжил,1
Хэрхэн ерөнхий захирал болох вэ,jeffrey j.fox,2008,Хувь хүний хөгжил,1
Зоогийн газрын үйлчилгээний зохион байгуулалт,Октябрь,2003,Хувь хүний хөгжил,3
Дээрийн өрөөн дөх минйи мөрөөрдөл,Жи сонг,2017,Хувь хүний хөгжил,1
Сайхан эмэгтэй байхын нууц,Жорж мастера,2007,Хувь хүний хөгжил,1
Бороонд бид шүхэр барьдаг,Коносүкэ Мацушита,2018,Хувь хүний хөгжил,1
Хувьцааны цагаан толгой,Лхамсүрэн,2012,Хувь хүний хөгжил,2
Монголд бизнэс хийх алтан боломжууд,,2010,Хувь хүний хөгжил,1
Гэр бүлийн амьдрал,Лувсангийн Нарантуяа,2018,Хувь хүний хөгжил,1
Бүсгүй та аз жаргалтай байхыг хүсвэл ярих аргаа өөрчил,Фүкүда Такэши,2011,Хувь хүний хөгжил,1
Намайг өөрчилсөн 85 эмэгтэй,Луужир Жиймий,2019,Хувь хүний хөгжил,1
Гэр бүлийн амьдралын нууц,Лувсангийн Нарантуяа,2018,Хувь хүний хөгжил,1
Миний амьдралын түүх,Hillay rodhem clinton,2009,Хувь хүний хөгжил,1
Гэдэс,Жулиа Эндэрс,2014,Хувь хүний хөгжил,1
Шилдэг бизнес төлөвлөгөө зохиох цагаан толгой,Гаррет Саттон,2010,Хувь хүний хөгжил,2
Амжилтын тарни,Ука Төмөр,2013,Хувь хүний хөгжил,2
Ой тогтоолтын нууц,Tony buzan,2018,Хувь хүний хөгжил,3
Нууц жор,Дейл Карнеги,2007,Хувь хүний хөгжил,1
Өндөр бүтээмжтэй хүмүүсийн 7 дадал,Стевин Кови,2018,Хувь хүний хөгжил,2
Ажлын дүрэм,Ласло бок,,Хувь хүний хөгжил,1
Шид хийгээд нууцсын тухайд,,2011,Хувь хүний хөгжил,1
Дөрвөн гэрээ,Дон мигель руйз 2018,х,Хувь хүний хөгжил,1
Өөрийгөө чөлөөл,Гэри Жон Бишол,2019,Хувь хүний хөгжил,1
Экологи хүрээлэн буй орчин,Ж.М.Андерсоё,2002,Хувь хүний хөгжил,1
Өөдөө тэмүүл,Шэйрил Сандберг,2013,Хувь хүний хөгжил,1
Хүүхдийн тахрхийг хөгжүүлэх зарёмууд,Жон Медина,2015,Хувь хүний хөгжил,1
Хүүхдийн тархийг хөгжүүлэх зарчмууд,Жон Медина,2015,Хувь хүний хөгжил,3
Ухаалаг хөрөнгө оруулагч,Бенжамин граэм,2018,Хувь хүний хөгжил,3
Сэтгэлийн дуудлага,Дидье Дрогба,2017,Хувь хүний хөгжил,4
Гүйцэтгэлийн түлхүүр үзүүлэлтүүд,Бернард Марр,2012,Хувь хүний хөгжил,1
Амьдралын цэцэгийн эртний нууц 2,Друнвало Мелхиседик,,Хувь хүний хөгжил,2
Маркетинг,Филип Котлер,,Хувь хүний хөгжил,3
Бизнес төлөвлөгөө хийх гарын авлага,,2010,Хувь хүний хөгжил,1
Өдөө тэмүүл,Шэйрил Сандберг,2013,Хувь хүний хөгжил,2
Дэлхийг өөрчилсөн эрдэмтэд,Болор судар,,Хувь хүний хөгжил,1
Дэлхийг өөрчилсөн эмэгтэйчүүд,Болор судар,,Хувь хүний хөгжил,3
Нано технологи,Марк Ратнер,2007,Хувь хүний хөгжил,1
Бизнес багийн амжилтын түлхүүр,Блейр сингер,2008,Хувь хүний хөгжил,1
Нано технологийн үндэс,Н.Кобаяси,2007,Хувь хүний хөгжил,1
Өдөр бүр Дракертай хамт,Петер,2004,Хувь хүний хөгжил,1
Хуулийн амин сүнс,Шарль Монтескье,2009,Хувь хүний хөгжил,1
Сүйрэл,Jared Diamond,2008,Хувь хүний хөгжил,1
Санхүүгийн тайлагнал,Санхүү эд сургууль,2015,Хувь хүний хөгжил,1
Залуу хүний ширээний ном,Оюуны билэг,2009,Хувь хүний хөгжил,1
Сэтгүүлчийн ур чадвар,С.Амартүвшин,2014,Хувь хүний хөгжил,3
Компьютер,,2009,Хувь хүний хөгжил,1
Хуулийн зөвлөхийн мэдлэгийн товчоо,Сод хууль зүй,2009,Хувь хүний хөгжил,1
Яааж шилдэг оюутан болох вэ,,2010,Хувь хүний хөгжил,1
Нар хүнээс манддаг,Пүрэвсүрэн Буяндэлгэр,2012,Хувь хүний хөгжил,1
Ой тогтоолтын аргаар гадаад үг цээжлэх нь,Х.Хадбаатар,2018,Хувь хүний хөгжил,2
Нэг жижиг алхмаар амьдралаа өөрчлөх нь,Роберт Маурер,2019,Хувь хүний хөгжил,1
Иогийн үндсэн дасгалууд,,2010,Хувь хүний хөгжил,4
Гарцаагүй ялалт амжилтад хүрэхийн тулд юу хийх хэрэгтэй вэ,М.Норбеков Г.Волков,2008,Хувь хүний хөгжил,1
Баялагт хүргэх дүрмүүд буюу амжилтын философ,Напелеон Хилл,2011,Хувь хүний хөгжил,1
Бизнесийн ёс зүй,Мэри Бостико,2010,Хувь хүний хөгжил,1
Үхэвч үл үрэгдэх нэгэн,Стенли Макавалл,2001,Хувь хүний хөгжил,1
Барак обама,Барак Обама,2004,Хувь хүний хөгжил,1
Нууц ажилтан,Жозеф Конрад,2017,Хувь хүний хөгжил,1
Хархулангийн бөгж,Нирунзу,,Хувь хүний хөгжил,1
Гэр ахуйн лавлах,С.С.Иванчиков,1989,Хувь хүний хөгжил,1
Гасан хүүхэд чинь таныг галзууруулах нь холгүй байгаа бол,Алина Березина,2011,Хувь хүний хөгжил,1
Уламжлалт анагаах ухааны сонгодог арга заслууд,Лувсанчоймбол,2005,Хувь хүний хөгжил,1
Мэргэдийн сургаал амьдрахуйн хөтөч,Ш.Алтангэрэл,2011,Хувь хүний хөгжил,1
Хоёулаа болохоосоо өмнө өөрийгөө танихуй,Кристин арило,2011,Хувь хүний хөгжил,1
Бүсгүй та эргэлзээгүй яв,Нам Ин Сүг,,Хувь хүний хөгжил,1
Хэлэцээр хийх урлаг,Жорж Росс,2008,Хувь хүний хөгжил,1
Стрессээ удирдахуй,Дэйл Карнеги,2017,Хувь хүний хөгжил,1
Өөрийгөө нөлөөлөгч болгон хүмүүжүүл,Жонн С.Максвел,2011,Хувь хүний хөгжил,1
Тархи угаах урлаг буюу хүссэнээ хүртэх жор,Дэйв лахани,,Хувь хүний хөгжил,1
365 өдөр тэр чигтээ аз жаргал,Гүрбазарын Ганбаатар,2017,Хувь хүний хөгжил,1
Хүчирхэг илтгэл,Дэйл Карнеги,2018,Хувь хүний хөгжил,2
Эдийн засгийн алуурчдын золиосууд,Стивен Хайт,2011,Хувь хүний хөгжил,1
Өндөр бүтээмжтэй хүмүүсийн 7 дадал,,,Хувь хүний хөгжил,3
Залуу хүн заавал унших ном,Б.Эрдэнэбат Г.Эрдэнэбаяр,2015,Хувь хүний хөгжил,2
Иргэн таны эрх зүйн хөтөч,А.Төвшинтулга,2010,Хувь хүний хөгжил,1
The source of self regard,Toni Morrison,2019,Гадаад зохиол,3
The Kite Runner,Khaled hosseini,2013,Гадаад зохиол,1
Beloved,Toni Morrison,2019,Гадаад зохиол,5
Black leopard red wolf,Marlon james,2019,Гадаад зохиол,4
ATONEMNT,IAN McEWAN,2007,Гадаад зохиол,4
Bowlaway,Elizabeth McCreacker,2019,Гадаад зохиол,3
Dream of the red chamber,Tsao Hsheh chin,1958,Гадаад зохиол,3
Pride and prejudice,Jane austen,1913,Гадаад зохиол,3
The marriage lie,Kimberly belle,2016,Гадаад зохиол,4
Never let you go,Kazuo Ishiguro,2005,Гадаад зохиол,2
21 lessons for the 21st century,Yuval Noah Harari,1988,Гадаад зохиол,2
Elon Musk,Ashlee vance,2015,Гадаад зохиол,2
A tale of two cities,Charles dickens,2014,Гадаад зохиол,1
Harry potter and the half blood prince,J.K Rowling,2005,Гадаад зохиол,5
The catcher in rye,J.D.Salinger,1979,Гадаад зохиол,4
The girl before,JP Delaney,,Гадаад зохиол,4
How to win friends and influence people,Dale Carnegie,1981,Гадаад зохиол,2
The fine art of small talk,Debra fine,2005,Гадаад зохиол,2
Outliers,Malcolm Gladwell,2008,Гадаад зохиол,1
The lost world,Sir Arthur Conan doyle,2017,Гадаад зохиол,2
The Collector,K.r.Alexander,2018,Гадаад зохиол,3
The old drift,Namwali Serpell,2019,Гадаад зохиол,4
Phantoms,Christian kiefer,,Гадаад зохиол,4
The Impeachers,Brenda Wineapple,1848,Гадаад зохиол,5
Nickel boys,Colson whitehead,2019,Гадаад зохиол,4
ATONEMENT,Lan Mc ewan,2001,Гадаад зохиол,4
little boys,Lawrence ferlinhetti,2019,Гадаад зохиол,1
Emotional intellegence,Daniel Goleman,1995,Гадаад зохиол,3
Revival,Stephen king,2014,Гадаад зохиол,2
The subtle art of not giving A fuck,Mark Manson,2016,Гадаад зохиол,4
Big litlle lies,Liane moriarty,2019,Гадаад зохиол,3
Harry potter and the deathly hallows,J.K.ROWLING,,Гадаад зохиол,3
The book thief,Markus zusak,2016,Гадаад зохиол,3
Debbie macomber,Cedar Cove,2004,Гадаад зохиол,3
Harry potter and the order of the phoenix,J.K.ROWLING,,Гадаад зохиол,4
A tale of two cities,Charles dickens,2014,Гадаад зохиол,3
On eartth were briefly gorgeous,Ocean Vuong,2019,Гадаад зохиол,3
Gillian flynn gone girl,A Novel,2014,Гадаад зохиол,4
Cloud Atlas,David mitchell,2004,Гадаад зохиол,3
The time travelers wife,audrey niffenegger,2003,Гадаад зохиол,4
THE story of success,Malcolm Gladwell,2008,Гадаад зохиол,1
The fine art of small talk,Debra fine,2005,Гадаад зохиол,1
Tropic of cancer,Henry miller,2015,Гадаад зохиол,5
on managing people,danniel goleman,2011,Гадаад зохиол,1
Howls movingg castle,Diana Whyne Jones,1986,Гадаад зохиол,3
Just Friends,Billy Tayloe,2016,Гадаад зохиол,4
The lost world,Micheal crichtion,1995,Гадаад зохиол,4
FLOATING DRAGON,PETER STRAUB,1982,Гадаад зохиол,1
Hostage,Robert crais,2001,Гадаад зохиол,1
The souls of black folk,W.E.B. Du Bols,1989,Гадаад зохиол,1
The blue nowhere,Jeffery deaver,2001,Гадаад зохиол,1
Rough ride,john francomo,1988,Гадаад зохиол,1
The shape shifter,Tony HILLERMAN,2006,Гадаад зохиол,1
GREED,CHRIS RAYAN,2003,Гадаад зохиол,1
The glorious cause,Jeff shaara,2002,Гадаад зохиол,1
The source of self regard,Toni Morrison,2019,Гадаад зохиол,1
Buried prey,John Sandford,2011,Гадаад зохиол,1
The way to a man.s heart,ST.Martins.s paperbacks,1997,Гадаад зохиол,1
Light of the moon,Dean koontz,2002,Гадаад зохиол,1
Recessional,Jamesa.Michener,1994,Гадаад зохиол,1
The renegades a charlie hood novel,T.JEFFERSON PARKER,2009,Гадаад зохиол,1
Remote control,Andy mcnab,1997,Гадаад зохиол,1
The sea-wolf and selegted stories,Jack london,2004,Гадаад зохиол,1
A Bernie rhodenbarr mystery,The burglar in the rye,1999,Гадаад зохиол,1
THE KILL ZONE,CHRIS RAYAN,2010,Гадаад зохиол,1
The Mysterious island,Jules Verna,2004,Гадаад зохиол,1
Never say die,Tess Gerritsen,1992,Гадаад зохиол,1
A time to kill,John grisham,1989,Гадаад зохиол,1
The company of glass,Valery leith,1999,Гадаад зохиол,1
Hunter killer,Patrick Robinson,,Гадаад зохиол,1
The dossier,leonard cross,1984,Гадаад зохиол,1
Private l.a,James patterson,2014,Гадаад зохиол,1
The case for christ,Lee strobel,1998,Гадаад зохиол,1
The five greatest warriors,Matthew Reilly,2009,Гадаад зохиол,1
Blood memory,Gregiles,2005,Гадаад зохиол,1
The earthlink dilemma,Tonny Attwood,1986,Гадаад зохиол,1
Master Sniper,,1980,Гадаад зохиол,1
Три Мушкётёра,Алэксандр дюма,2010,Гадаад зохиол,1
Stephen king,Thinner,1984,Гадаад зохиол,1
lamour en face,Rezvani,2002,Гадаад зохиол,1
Sophies choice,Wilham styron,1979,Гадаад зохиол,1
Over the edge,Jonathan Kellerman,1988,Гадаад зохиол,1
The lost throne,Chrid Kuzneski,2008,Гадаад зохиол,1
Moon,James Herbert,1985,Гадаад зохиол,1
The Jefferson Key,Steve Berry,2011,Гадаад зохиол,1
Never let me go,kazuo Ishiguro,,Гадаад зохиол,1
The allexander cpher,Will Adams,2009,Гадаад зохиол,1
The Mill on the floss,George Eliot,2002,Гадаад зохиол,1
Run for your life,James patterson,2009,Гадаад зохиол,1
The last of the mohicans,Fenimore cooper,1993,Гадаад зохиол,1
Fyodor Dostoevsky,deevils,2005,Гадаад зохиол,1
Leo Tolstoy,Anna Karenine,1999,Гадаад зохиол,1
The coumt of monte cristo,alexandre duma,1997,Гадаад зохиол,1
Avatar,,2010,Гадаад зохиол,1
Peter pan,J.M.Barrie,2007,Гадаад зохиол,1
Andersen.s Fairy Tales,Hans Christian andersen,1993,Гадаад зохиол,1
Heidi,Johanna spyri,1993,Гадаад зохиол,1
Cathedral,Nelson Demille,1982,Гадаад зохиол,1
To cut a long story short,Jeffrey Archer,2000,Гадаад зохиол,1
Bourne Deception,Robert Ludlum.s,2009,Гадаад зохиол,1
From dead to worse,charlaine harris,2008,Гадаад зохиол,1
Tomorrow when the war began,John Mardsen,1993,Гадаад зохиол,1
The call of the wild,jack london,1992,Гадаад зохиол,1
Treason.s harbour,Patrick O.brian,1983,Гадаад зохиол,4
Black Beauty,Anna sewell,1993,Гадаад зохиол,2
Judas unchained,Peter.F Hamilton,2006,Гадаад зохиол,1
61 hours,Lee child,2010,Гадаад зохиол,1
The bourne betrayal,Robert ludlums,2007,Гадаад зохиол,1
Chiefs,Stuard woods,2005,Гадаад зохиол,1
The Watchmen,CHRIS RAYAN,2002,Гадаад зохиол,1
Loitering with intent,Stuard woods,1979,Гадаад зохиол,1
Doctor who,Donald cotton,1987,Гадаад зохиол,1
Smoky joes café,Bryce courtenay,2001,Гадаад зохиол,1
the dakota cipher,willam dietrich,2010,Гадаад зохиол,1
The sixth man,David Baldacci,2011,Гадаад зохиол,1
Sas,Gerard de villiers,2011,Гадаад зохиол,1
Not a penny more not a penny less,Jeffrey Archer,1974,Гадаад зохиол,1
Sir arthur conan doyle,Sherlok holmes,2001,Гадаад зохиол,1
Jackdaws,Ken follet,2001,Гадаад зохиол,1
Doctor who,Philip Hincclife,1980,Гадаад зохиол,1
Unbeliever,Swindells,1997,Гадаад зохиол,1
Dead and alive,Hammond innes,1946,Гадаад зохиол,1
Star wars,James luceno,2009,Гадаад зохиол,1
The dreaming void,Peter f. Hamilton,2007,Гадаад зохиол,1
Genghis lords of the bow,Conn iggulden,2008,Гадаад зохиол,1
Doctor who,Terrance dicks,1988,Гадаад зохиол,1
Right behind you,Lisa gardener,..,Гадаад зохиол,1
Barrier reef,Maxwell grand,1979,Гадаад зохиол,1
The girl who played with fire,Stieg larsson,2010,Гадаад зохиол,1
Treasons harbour,Patrick o brian,1983,Гадаад зохиол,1
Paradise,A.l.Kennedy,2004,Гадаад зохиол,1
The call of the white fang,Jack london,2004,Гадаад зохиол,1
The laws of the sun,Yuho okawa,1994,Гадаад зохиол,1
The maze runner,James dashner,2009,Гадаад зохиол,1
U.S Economy,,,Гадаад зохиол,2
Greatest speeches of historic,C.Anagwonye,2009,Гадаад зохиол,1
Also by greg lies,,,Гадаад зохиол,1
Daddy*S girl,Lisa Scottoline,2007,Гадаад зохиол,1
The other side,Hillary rohde,2013,Гадаад зохиол,1
The bourne deception,Robert Ludlums,2009,Гадаад зохиол,1
Seal team six,Howard e wasdin,2011,Гадаад зохиол,1
The collected works of,Oscar wilde,2007,Гадаад зохиол,1
Classice erotic,Micheal Trayler,2007,Гадаад зохиол,1
The brothers grimm,Arthur Rackham,2007,Гадаад зохиол,1
The selected works of,.h.Lawrence,2005,Гадаад зохиол,1
Charles Dickens,Charles dickens,2005,Гадаад зохиол,1
The complete works of,Willam Shakespeare,1996,Гадаад зохиол,1
The complete fairy tales,Hans Christian andersen,2009,Гадаад зохиол,1
Edge of Battle,Dale brown,2006,Гадаад зохиол,1
Irish ghost stories,,,Гадаад зохиол,1
Selected works of virginia woolf,,,Гадаад зохиол,1
Against the day,Thomas pynchon,2006,Гадаад зохиол,1
Dead or alive,Tom clancy,2010,Гадаад зохиол,1
Перс,Александр иличевский,,Гадаад зохиол,1
The collector,David Baldacci,2006,Гадаад зохиол,1
Hammond innes,Target Antarcica,1993,Гадаад зохиол,1
The brothers grimm,Arthur Rackham,1749,Гадаад зохиол,1
Live fire,Stephen leather,2009,Гадаад зохиол,1
Beverly hills dead,Stuard woods,1838,Гадаад зохиол,1
Sell up and cruise the inland waterways,Bill laurel cooper,2010,Гадаад зохиол,1
Americas private forests,John gordon,2001,Гадаад зохиол,1
Uis for Undertow,Sue grafton,1838,Гадаад зохиол,1
Jack Higgins,Rough justice,1838,Гадаад зохиол,1
Samsung galaxy tab 10.1,Dan gookin,2012,Гадаад зохиол,1
The hostage,Griffin,2007,Гадаад зохиол,1
China,Lonely planet,,Гадаад зохиол,1
Cast a giant shadow,Ted berkman,1962,Гадаад зохиол,1
The edge of the water,Elizabeth george,2014,Гадаад зохиол,1
The neutronium alchmist,Peter f.hamilton,2008,Гадаад зохиол,1
Gripping yarns,Rosemary gray,2008,Гадаад зохиол,1
Black ops,Griffin,1838,Гадаад зохиол,1
The sacred vault,Andy McDermott,1988,Гадаад зохиол,1
Enforcer,Outlaw bikers,2012,Гадаад зохиол,1
The test,Brian O driscoll,2014,Гадаад зохиол,1
Run for your life,James patterson,2009,Гадаад зохиол,1
The teaching of buddha,,1966,Гадаад зохиол,1
Apache dawn,Damien lewis,2008,Гадаад зохиол,1
Французский,Иностранка,2010,Гадаад зохиол,1
Пелевин,Виктор,2010,Гадаад зохиол,3
Сэлинджер,Джером Д.,2010,Гадаад зохиол,1
Рэй Брэдбери,Кошкина Пижама,2009,Гадаад зохиол,1
Сирил Массаротто,,2010,Гадаад зохиол,1
Путешествие с вилкой и штопором,Питер Мейл,2010,Гадаад зохиол,1
Сент - Клауда,Бен Шервуд,2010,Гадаад зохиол,1
Глотов свободы,Анна Гавальда,2010,Гадаад зохиол,1
Американец или очень скрытный джентльмен,Мартин Бут,2010,Гадаад зохиол,1
Бегүший за ветром,Халед Хоссейни,,Гадаад зохиол,1
Лоуренс өлок вор вор ржи,Д.Сэлинджера,2010,Гадаад зохиол,1
Lee child,,,Гадаад зохиол,1
Leadership mastery,Dale Carnegie,,Гадаад зохиол,1
Каин,Жозе Сарамаго,2010,Гадаад зохиол,1
Перси джексон и Ларбиринт смерти,Рик Риордан,2010,Гадаад зохиол,2
Лечебное питание при гастрите,,,Гадаад зохиол,1
Дракон,Игорь Алимов,2010,Гадаад зохиол,1
Мюриель барбель лакомство,Хотинской,2010,Гадаад зохиол,1
Код да винчи,Дэн Браун,2010,Гадаад зохиол,1
Перси джексон и похититель молний,Рик Риордан,2010,Гадаад зохиол,1
Media sapiens 2,Сергей Минааев,2007,Гадаад зохиол,1
Перси джексон и проклятие титана,Рик Риордан,2010,Гадаад зохиол,1
Элизабет страут оливия киттеридж,Цвет Литературы,2010,Гадаад зохиол,1
Утраченный символ,Дэн Браун,2009,Гадаад зохиол,1
Джеймс роллинс алтарь эдема,Проект Бестселлер,2010,Гадаад зохиол,1
З.Л.О,Антон Соя,2010,Гадаад зохиол,1
Девять месяцев в монголий,Иван яковлевич коростовец,2009,Гадаад зохиол,1
Secret стройности,,2010,Гадаад зохиол,1
Весенний подарок,,2009,Гадаад зохиол,1
Линда Лаплант чистая работа,Издательство азбука,2010,Гадаад зохиол,1
Письмовник,Михайл Шиншкин,2010,Гадаад зохиол,1
Железная маска,Эдвард Радзинский,2010,Гадаад зохиол,1
Гордость и предубеждение и зомби,Джейн Остин Сем Грэм - Смит,2010,Гадаад зохиол,1
Время жинщин,,2010,Гадаад зохиол,1
Шальные деньги,,2010,Гадаад зохиол,1
Барышня,Ирина Муравьёва,2010,Гадаад зохиол,1
Правосудие Зельба,Бернхард Шлинк,2010,Гадаад зохиол,1
Духless,Сергей Минаев,2008,Гадаад зохиол,1
Сладость нар корочке пу рога,Арлан Брэдли,2010,Гадаад зохиол,1
The golden fool,Robin hobb,,Гадаад зохиол,1
Sapiens,Yuval Noah Harari,2015,Гадаад зохиол,1
Там где свобода...,,2008,Гадаад зохиол,1
Монгол түүх 1,Баавар,2017,Түүхийн ном,2
Монгол түүх 2,Баавар,2017,Түүхийн ном,2
Монгол түүх 3,Баавар,2017,Түүхийн ном,2
Монгол түүх 4,Баавар,2017,Түүхийн ном,1
Монголын их хатадийн нууц товчоо,Жак уэиерфорд,2011,Түүхийн ном,1
Sime mining engeneering handbook,Peter darling,2005,Түүхийн ном,4
Ашигт малтмал баяжуулах үйлдвэрийн зураг төсөл,,2017,Түүхийн ном,5
Монгол тамга,С.Содномбалжир,2011,Түүхийн ном,1
Том хотуудын эдийн засаг,,2009,Түүхийн ном,1
Монгол ертөнцийн гурав,,2012,Түүхийн ном,1
Иргэний нийгэм ба ардчилсан бие хүн,Д.Чулуунжав,2012,Түүхийн ном,1
Фашизм милисаризмын эсрэг тэмцлийн жилүүд дэх нам төрийн бодлого түүний хэрэгжилт,,2011,Түүхийн ном,1
Монголын одон орон судлал,Д.Мөнх-Очир,2012,Түүхийн ном,1
Төртэй ч болоосой,Баянжаргалын Цогтгэрэл,2010,Түүхийн ном,1
Ардчилсан хувьсгалын тэргүүн эгнээнд,Сүхбаатарын Амарсанаа,2011,Түүхийн ном,1
Монголын цагаагчин гахай жилийн хувьсгалын түүхийн чухаг сурвалж,Монгол улс үндэсний төв архив,2011,Түүхийн ном,1
Монгол улсын цэрэг цэргийн жанжид,Галиндэвийн Мягмарсамбуу,2011,Түүхийн ном,1
Монголчуудын язгуур гүн ухаан,Н.Нагаанбуу,2011,Түүхийн ном,1
Монгол төрийн үүсэл ёс ёслол бэлгэдэл хүндэтгэл уламжлал,,2011,Түүхийн ном,1
Bogdo jebtsundamba khuntuktu the last king of mongolia,history of mongolia,2009,Түүхийн ном,1
Оюун билгийн мэлмийг нээгч аялгуу сайхан монгол үгийн дээж,Өнгөт хэвлэ,2010,Түүхийн ном,2
Монголын их тобчиан,Хори буриадын Дөш,2011,Түүхийн ном,1
Хүннүгийн толь бичиг,,2011,Түүхийн ном,1
Хүннүгийн өв,,2011,Түүхийн ном,1
Чингис хааны нэвтэрхий толь,,2012,Түүхийн ном,1
Монгол урлагын үнэт бүтээлүүд,Аюурзаны Алтангэрэл,2005,Түүхийн ном,1
The healthy of mongolia,Oktyabri Dash,,Түүхийн ном,1
Монголын үндэсний хувьсгалын нэвтэрхий толь,,2011,Түүхийн ном,1
Түүхийн үнэний мөрөөр 4,С.Ичинноров,2011,Түүхийн ном,1
Чингис хааны байлдааны шадиг,Хайзангийн Шагдар,2010,Түүхийн ном,1
Монгол улсын шинэ түүх,Н.Магсаржав,2010,Түүхийн ном,1
Монгол түүх 4,,,Түүхийн ном,1
Хатан төрийн нууц,Дамбын Роман,2013,Түүхийн ном,2
Хаан төрийн нууц,Дамбын Төрбат,2012,Түүхийн ном,3
Монголын эртний түүх 1,,2017,Түүхийн ном,3
Монголын эртний түүх 2,,2017,Түүхийн ном,4
Монголын эртний түүх 3,,2017,Түүхийн ном,3
Монголын эртний түүх 4,,2017,Түүхийн ном,4
Монголын эртний түүх 5,,2017,Түүхийн ном,3
Судрын хураангуй аймаг Дхаммапада номын бадаг 1,Монголын Випишяна судлалын төв,2016,Түүхийн ном,1
Судрын хураангуй аймаг Дхаммапада номын бадаг 2,Монголын Випишяна судлалын төв,2016,Түүхийн ном,1
Судрын хураангуй аймаг Дхаммапада номын бадаг 3,Монголын Випишяна судлалын төв,2016,Түүхийн ном,1
Судрын хураангуй аймаг Дхаммапада номын бадаг4,Монголын Випишяна судлалын төв,2016,Түүхийн ном,1
Судрын хураангуй аймаг Дхаммапада номын бадаг 5,Монголын Випишяна судлалын төв,2016,Түүхийн ном,1
Судрын хураангуй аймаг Дхаммапада номын бадаг 6,Монголын Випишяна судлалын төв,2016,Түүхийн ном,1
Судрын хураангуй аймаг Дхаммапада номын бадаг 7,Монголын Випишяна судлалын төв,2016,Түүхийн ном,1
Судрын хураангуй аймаг Дхаммапада номын бадаг 8,Монголын Випишяна судлалын төв,2016,Түүхийн ном,1
Монгол улсын түүх,,2004,Түүхийн ном,1
Дайн,Ж.Лодой,,Түүхийн ном,1
Mongolei,,,Түүхийн ном,1
Монголын мартагдсан түүх,Тачибана,2011,Түүхийн ном,1
Нүүдэлчдийн урлаг соёлын жимээр мөшгөхүй,Соднодагвын Батчулуун,2011,Түүхийн ном,1
Монголын үндэсний баатар Д.Сүхбаатар,С.К.Рошин,2011,Түүхийн ном,1
Цахилгааны ажил 5,П.Баторших,2012,Түүхийн ном,1
Хадны зурагсын уянгалаг зохиомж оршвой,Дондогийн Гарамжав,2011,Түүхийн ном,2
Эх орны төлөө цохилох зүрх,Мөнхжин Дамдинсүрэн,2014,Түүхийн ном,1
Perfect,Danzanravjaa,2006,Түүхийн ном,1
Нармай монголын панмонголизм ын хэрэгт хэлмэгдсэн монголчууд,Гончигийн Ариунболд,2012,Түүхийн ном,1
Богд хаант монгол улсын төрийн зүтгэлтэн жанжин баатарууд,ЖА.Баяржаргал,2011,Түүхийн ном,1
Богд хаант монгол улс 3дахь хөрший эрэлд,,2011,Түүхийн ном,1
Хас их сүлдэн,М.Энхпүрэв,2011,Түүхийн ном,1
Монгол улсын улаан ном,,2016,Түүхийн ном,1
Монголчууд ба мамлюкууд,,2006,Түүхийн ном,1
Ноён гэгээний нутгаар,Ш.Баяржаргал,2011,Түүхийн ном,1
From world power to soviet satellite,Baabar,1999,Түүхийн ном,1
Сэрсэн зууны түүх 0,,2011,Түүхийн ном,1
Шилмэл бүтээлүүд,,,Түүхийн ном,1
Буурал түүхийн өлгий булган аймаг,Өмнөговь аймаг,2012,Түүхийн ном,1
Хувьсгал танаа өчье,Л.Түдэв,,Түүхийн ном,1
Цогт хун тайжид холбогдох түүхэн баримтын судалгаа,Дорждэрэмийн Будсүрэн,2011,Түүхийн ном,1
Уншихгүй байж болохгүй ном,Д.Нямдаваа,2008,Түүхийн ном,1
Маанийн буман зарлиг,,2010,Түүхийн ном,1
Шинжлэх ухааны товч түүх 1,Билл Брайсон,,Түүхийн ном,3
Шинжлэх ухааны товч түүх 2,Билл Брайсон,2009,Түүхийн ном,3
Сонгодог монгол бичгийн өмнөх үеийн дурсгалууд,Ё.Жанчив,2006,Түүхийн ном,2
Монголын тусгаар тогтнолын товчоон,Ёндонгийн Отгонбаатар,2016,Түүхийн ном,1
Монгол гайхамшгууд,Ч.Мөнхбаяр,2006,Түүхийн ном,1
Давст уул оросын нутаг дэвсгэрт хэрхэн орсрн бэ?,Жамбалжавын Сусъяа,2018,Түүхийн ном,1
Нийгэм журмын дараах монголчууд,П.Лхам,2011,Түүхийн ном,1
Угсаатан судлал,С.Чулуун Б.Баатархүү,2011,Түүхийн ном,1
Түүх сөхөхүй,З.Лонжид,2011,Түүхийн ном,1
Монгол улсын хил хязгаар бүрэлдэн тогтсон түүх,Б.Цэдэн - Иш,2011,Түүхийн ном,1
Монгол орны тогтворгүй бүтэцтэй ул хөрсөнд барилга барих ухаан,Д.Дашжамц,2008,Түүхийн ном,1
Монголын хуучны зэрэг дэвийн хувцас,Үржингийн Ядамсүрэн,2010,Түүхийн ном,1
Баруун монголчуудын эдийн соёлын дурсгалт зүйлс,М.Амгалан,2008,Түүхийн ном,1
Мөнх тэнгэр язгуурт гайхамшигт монгол хүн,Ц.Оюунбаатар Ц.Энхжаргал,2012,Түүхийн ном,1
Монголын эртний дурсгал судлалын үндэс,Хөгөлбөөн Лхагвасүрэн,2012,Түүхийн ном,1
Хаант монгол улсын их хүрээ цам,Ү. Ядамсүрэн,2005,Түүхийн ном,1
Монголын үндсэн хууль,М.Жаргалсайхан,2017,Түүхийн ном,4
Монголын уран барилгын түүх /дэд дэвтэр/,Б.Даажав,2006,Түүхийн ном,2
Монголын уран барилгын түүх /тэргүүн дэвтэр/,Б.Даажав,2006,Түүхийн ном,1
Монголын төрт ёсний түүхэн уламжлал,,2011,Түүхийн ном,1
Монголын гэр бүлийн харилцааны уламжлал шинэчлэл,Хохдойн Чагдаа,2004,Түүхийн ном,1
Монгол орны лавлах,Чойбалсангийн Буянбадрах,2008,Түүхийн ном,1
Шинэчлэлийн зарчмууд,М.Чимэддорж,2011,Түүхийн ном,1
"Монголчуудын төр улс, эдийн засаг, соёлын түүхэн уламжлал, хөгжлийн асуудал",,2011,Түүхийн ном,1
Даяаршилын эриний монгол хэл бичиг,Базарын Магсаржав,2011,Түүхийн ном,1
Бодь сэтгэл төгссөн хөх хоолойт саран хөхөө нэрт шувууны тууж орчлон бүхнийг зүрхэн үгүй хэмээн мэдэгчдийн чихний чимэг хэмээх оршвой,Дагпү хувилгаан Лувсандамбийжалцан,2011,Түүхийн ном,1
Уул уурхайн үйлдвэрийн техник - эдийн засгийн шинжилгээ,Ж.Бямба-юу С.Цэдэндорж,2009,Түүхийн ном,1
Монгол орны өнгөт эрдэнийн чулуу,"Ж.Лхамсүрэн, Д.Санжаадорж , Ё.Мажигсүрэн , Ж.Лхагвацэрэн, Н.Мөнх-Эрдэнэ, В.Довжид, Г.Ээнжин, Т.Ганбаатар",2016,Түүхийн ном,1
Самар хатан,Б.Сарантуяа,,Түүхийн ном,1
Гал голомт,С.Лочин,,Түүхийн ном,1
Монголын авъяаслаг бизнесмэнүүдийн нууц,Ж.батсүх О.Чинзориг,2007,Түүхийн ном,1
Эргэн дурсагдах мартагдашгүй он жилүүд,Д.Жамбалдорж,2009,Түүхийн ном,1
Сүүн замтай 70 жил,,2009,Түүхийн ном,1
Ус цаг уурын хүрээлэнгийн түүхийн жимээр,Д.Аззаяа Б.Жамбаажамц,2006,Түүхийн ном,2
Улирал ба зохиолч I,П.Бадарч,2019,Түүхийн ном,1
Улирал ба зохиолч III,П.Бадарч,2019,Түүхийн ном,2
Түүх эргэн ирж мөрөөдөл өгсөн нь,Роберт Каган,2010,Түүхийн ном,1
Нээлттэй нийгэм түүний дайснууд,Карл Рэймунд Поппер,,Түүхийн ном,1
Зам дагасан 40 жил,Ш.Түгж,2004,Түүхийн ном,1
Монгол цэргийн хөгжим уламжлал орчин үе,Ш.Цогтшэрэл,2011,Түүхийн ном,1
Замчдын хөргөөс,Ш.Цэрэнпил,1997,Түүхийн ном,1
Ардчилсан засаглал 1206,Н.Алтанхуяг,2012,Түүхийн ном,1
Санхүүгийн философи дэлхийн санхүүгийн түүх,Ө.Ганзориг,2017,Түүхийн ном,2
Эртний монголчуудын ашигт малтмал эрхлэлтийн түүх,Д.Эрдэнэбаатар Ч.Амартүвшин,2000,Түүхийн ном,1
Монголчууд дэлхий дахины түүхнээ,Ж.Болдбаатар,2007,Түүхийн ном,1
Чингисийн монгол,Ц.Нөцөгдорж,2004,Түүхийн ном,1
Занабазар,С.Эрдэнэ,1989,Түүхийн ном,1
Солонгос хэлний цогц сурах бичиг 4,И Ёнгсүг,2011,Гадаад сурах бичиг,2
Солонгос хэлний цогц сурах бичиг 5,И Ёнгсүг,2011,Гадаад сурах бичиг,2
Солонгос хэлний цогц сурах бичиг 6,И Ёнгсүг,2011,Гадаад сурах бичиг,2
It looked like spilt milk,G.Shaw,1974,Гадаад сурах бичиг,1
Teaching Englishas aSecond or Foreign Language,Marianne celce-murcia,2001,Гадаад сурах бичиг,2
AFTER EFFECTS,А.Түмэнжаргал,2010,Гадаад сурах бичиг,2
Фото график дизайн,А.Түмэнжаргал,2010,Гадаад сурах бичиг,3
Хэвлэлийн эх бэлтгэл дизайн,А.Түмэнжаргал,2010,Гадаад сурах бичиг,3
Виктор график дизайн,А.Түмэнжаргал,2010,Гадаад сурах бичиг,3
Видeo график дизайн,А.Түмэнжаргал,2010,Гадаад сурах бичиг,5
Ielts13 academic,With answers,2018,Гадаад сурах бичиг,1
Ielts Foundation Teacher's book,Roberts gakonga Preshous,2004,Гадаад сурах бичиг,1
Drywall,Myron r.ferguson,2008,Гадаад сурах бичиг,1
Text book stage3,,2011,Гадаад сурах бичиг,1
Top Notch with active book,Joan Saslow,2011,Гадаад сурах бичиг,1
Ielts Testbuilder2,Sam McCaerter,2008,Гадаад сурах бичиг,1
wworkbook,,,Гадаад сурах бичиг,2
Precaution,JoelA.Tickner,2003,Гадаад сурах бичиг,1
chinese grammar,,2001,Гадаад сурах бичиг,1
Motorcycle maintenance,robert m.pirsig,1999,Гадаад сурах бичиг,3
Pacific crossing,cary soto,1998,Гадаад сурах бичиг,1
English situatsional,,2010,Гадаад сурах бичиг,1
Adventures for readers,Holt rinehart Winston,1996,Гадаад сурах бичиг,1
Авто машины цахилгаан тоноглол,Н.Мөнхзул Ц.Цэвэгжав Ш.Далхжав,,Гадаад сурах бичиг,1
The Diluv Khutagt of Mongolia,Telo Tulku Rinpoche,2009,Гадаад сурах бичиг,1
Солонгос хэлийг зөв сууртай сурмаар байна уу? /дунд шат/,Б.Очирбаяр,2016,Гадаад сурах бичиг,3
50Topics on business management,Graham Paterson,2009,Гадаад сурах бичиг,1
Minna no nohongo 2 дүрмийн монгол тайлбар,О.Халиун,2009,Гадаад сурах бичиг,1
La historia secreta de los mongoles,G.Tumurchuluun,2004,Гадаад сурах бичиг,1
the ancient greek world,Jennifer T.roberts,2004,Гадаад сурах бичиг,2
Oxford storyland Readers,,,Гадаад сурах бичиг,1
English vocabulary in use,,,Гадаад сурах бичиг,
The complete Yurt handbook,Paul king,2008,Гадаад сурах бичиг,1
Once more to the lake,,,Гадаад сурах бичиг,1
If you want to study in the united states,,,Гадаад сурах бичиг,2
English situational&management,,2008,Гадаад сурах бичиг,1
Ielts practice exams,,,Гадаад сурах бичиг,1
English for everyone дүрмийн ном ахисан шат4,,2016,Гадаад сурах бичиг,2
Lesson planner,Rob jenkins,2002,Гадаад сурах бичиг,1
Barron's the leader in test preparation GRE,,2009,Гадаад сурах бичиг,1
Англи хэлний эссэ,О.Ундармаа,2019,Гадаад сурах бичиг,1
study guide,John v.thill,,Гадаад сурах бичиг,1
англи хэл дээр зохион бичих эрдэм,Ц.Сэлэнгэ,2007,Гадаад сурах бичиг,1
Grammar in use intermediate,Whilliam R.Smalzer,2000,Гадаад сурах бичиг,1
Автомашин монгол-орос-англи зурагт толь,Д.Готов,2014,Гадаад сурах бичиг,1
Ielts-ийн шалгалтанд бэлтгэх заавар,Том Полсон,2016,Гадаад сурах бичиг,2
Орчин цагийн япон хэл,Раднаагийн Баттогтох,2012,Гадаад сурах бичиг,1
Macmillan readers,,,Гадаад сурах бичиг,4
River god,wilbur smith,,Гадаад сурах бичиг,1
англи хэл сурах гүнзгий шат,,2010,Гадаад сурах бичиг,1
Toefl-ийн дадлагийн тест,,2006,Гадаад сурах бичиг,1
Англи хэл сурах бичих хялбар арга,Б.Арго,2005,Гадаад сурах бичиг,1
The extra-terrestrial,William kotzwinkle,2002,Гадаад сурах бичиг,1
100Англи үг цээжлэх нууц,Р.Мөнхтэгш,2017,Гадаад сурах бичиг,3
cutting edge,peter moor,,Гадаад сурах бичиг,3
Англи хэлний анхан шатний сонгох дадал-1,,2017,Гадаад сурах бичиг,1
english listening practice,,2017,Гадаад сурах бичиг,1
Сэтгүүлчийн англи хэл,,,Гадаад сурах бичиг,3
Abrilliant Collection of inspiring stories,,,Гадаад сурах бичиг,1
Мэргэжлийн орос хэл,Л.Нарантуяа,2010,Гадаад сурах бичиг,1
Хятад-Монгол химийн толь бичиг,Б.Гэрлээ,2012,Гадаад сурах бичиг,1
English russian mongolian business dictionary,,2010,Гадаад сурах бичиг,1
англи орос монгол тех толь,,2002,Гадаад сурах бичиг,2
"санхүү,банк аудитийн толь",,2007,Гадаад сурах бичиг,1
Уул тээврийн машин төхөөрөмж,Ө.Соёлцэцэг,2012,Гадаад сурах бичиг,1
Хятад монгол хэлний зүйл хуваасан толь бичиг,Ө.Дашдорж,2011,Гадаад сурах бичиг,1
Цахилгаан сүлжээний тоноглол түүний ашиглалт,Ш.Дуламсүрэн,2016,Гадаад сурах бичиг,
Англи-орос-монгол эдийн засгийн их толь4,Б.Энэбиш,,Гадаад сурах бичиг,1
Машин үйлдвэрлэлийн зурагт толь,В.В.ШВАРЦ,2009,Гадаад сурах бичиг,1
Анагаах ухааны толь2,,,Гадаад сурах бичиг,2
Хүнд машин механизмын засварчин,Н.Ганболд,,Гадаад сурах бичиг,1
Ил далд уурхайн автозамын тээврийн машин,Ө.Соёлцэцэг,2011,Гадаад сурах бичиг,1
Ил уурхайн машин төхөөрөмж,Ө.Соёлцэцэг,2010,Гадаад сурах бичиг,1
Япон хэлэн дэх катакана үгийн толь бичиг,Раднаагийн Баттогтох,2010,Гадаад сурах бичиг,1
Монгол хэлний үгийн дуудлагын толь 2,О.Самбуудорж,2011,Гадаад сурах бичиг,1
Монгол - Орос толь бичиг,Юрий Кручкин,2009,Гадаад сурах бичиг,1
Монгол - Япон толь бичиг,Д.Болдбаатар,2010,Гадаад сурах бичиг,1
Монгол хэлний хэвшмэл хэлцийн толь,С.Чулуунпүрэв Б.Одончимэг,2011,Гадаад сурах бичиг,1
weis mattutat Franzosisch,,,Гадаад сурах бичиг,1
Герман - Монгол толь бичиг,Б.Баярсайхан,2008,Гадаад сурах бичиг,1
Blacks Medical dictionary,Marcovitch,2010,Гадаад сурах бичиг,1
Oxford advenced learners dictionary 7,,,Гадаад сурах бичиг,1
Эдийн засгийн тайлбар толь бичиг,Т.Оргилхүү,2008,Гадаад сурах бичиг,1
Япон - Монгол их толь бичиг 1-р боть,С.Дэмбэрэл,2012,Гадаад сурах бичиг,1
Япон - Монгол их толь бичиг 2-р боть,С.Дэмбэрэл,2012,Гадаад сурах бичиг,1
Хөдөө аж ахуйн Англи-Монгол шинэ толь,,2009,Гадаад сурах бичиг,1
english - Mongolian dictionary,E.Chinbat,2003,Гадаад сурах бичиг,1
Орчин үеийн Англи - Монгол толь,Л.Дамбадорж,,Гадаад сурах бичиг,1
Большой немецко русский словарь,,2010,Гадаад сурах бичиг,1
Оюутан сурагчийн англи хэлний тайлбар толь бичиг,,2009,Гадаад сурах бичиг,2
Websters new explorer medical dictionary,,2006,Гадаад сурах бичиг,1
Сэтгэл зүйд өөрөө суралцах нь,Д.Доржжав,2005,Гадаад сурах бичиг,1
Монгол хэлний хураангуй тайлбар толь бичиг,Б.Баярсайхан,2009,Гадаад сурах бичиг,1
Анагаах ухааны технологийн 8 хэлний толь,,2010,Гадаад сурах бичиг,1
Collins English - Mongolian dictionary,,2017,Гадаад сурах бичиг,5
Эдийн засгийн нэр томьеоны толь А-Я,Д.Ням-Осор,1990,Гадаад сурах бичиг,1
Англи Монгол ярианы дэвтэр,Д.Алтангэрэл,2008,Гадаад сурах бичиг,1
"Солонгос хэлийг хялбар аргаар уншиж бичиж, ярьж сурах",Б.Саран-Отгон,2012,Гадаад сурах бичиг,1
business objectives,Vicki Hollett,,Гадаад сурах бичиг,1
Англи-орос-монгол эдийн засгийн их толь 2,"Б.Энэбиш , Э.Бүрэнхүү , Э.Дондмаа, Э.Одмаа",2005,Гадаад сурах бичиг,1
Англи-орос-монгол эдийн засгийн их толь 3,"Б.Энэбиш , Э.Бүрэнхүү , Э.Дондмаа, Э.Одмаа",2005,Гадаад сурах бичиг,2
Монгол Англи хэлний ойролцоо утгатай үгийн толь,Л.Үүлэнсолонго,2006,Гадаад сурах бичиг,1
"Санхүү банк , нягтлан бодох бүртгэл , аудитын Англи-Орос-Монгол толь 3","Б.Энэбиш , Э.Бүрэнхүү , Э.Дондмаа, Э.Одмаа",2002,Гадаад сурах бичиг,1
Геологич уурхайчны англи хэл,М.Я.Баракова Р.И.Журавлева,2008,Гадаад сурах бичиг,1
Англи-орос-монгол эдийн засгийн их толь 1,"Б.Энэбиш , Э.Бүрэнхүү , Э.Дондмаа, Э.Одмаа",,Гадаад сурах бичиг,1
Монгол хэлний өвөрмөц хэлцийн толь 6,"Г.Сүлд-Эрдэнэ, Б.Уянга, Д.Нямаа, Д.Баасанбат, Б.Баярсайхан",2011,Гадаад сурах бичиг,1
mathematics course 3,,,Гадаад сурах бичиг,2
mathematics applications and connections course 3,,,Гадаад сурах бичиг,1
mathematics course 1,,,Гадаад сурах бичиг,1
intermediate Acountting,Duckman dukes davis,,Гадаад сурах бичиг,1
mathematics course 2,,,Гадаад сурах бичиг,1
A more perfect union,,,Гадаад сурах бичиг,1
Oh california,,,Гадаад сурах бичиг,2
A message of ancient days,,,Гадаад сурах бичиг,2
Every surfel gets it,,,Гадаад сурах бичиг,1
Grade eight louisiana mathematics review book,,1997,Гадаад сурах бичиг,1
Using primary sources /level c /,,,Гадаад сурах бичиг,1
Discovery works,,1999,Гадаад сурах бичиг,1
Discovery works,,,Гадаад сурах бичиг,1
Workbook harcourt scient,,,Гадаад сурах бичиг,1
Trade book library resource guide,,,Гадаад сурах бичиг,1
Target spelling,mary F.brigham A.miller,,Гадаад сурах бичиг,1
Change on eart,,2007,Гадаад сурах бичиг,1
Science content support,,,Гадаад сурах бичиг,3
Уур амьсгал өөрчлөлтийн төлөв,F.Curtin,2009,Гадаад сурах бичиг,4
Хүн бүрт зориулсан англи хэл /Дунд шат 3 /,Жилл Жонсон,,Гадаад сурах бичиг,2
Цахилгааны ажил 5,П.Баторших,2012,Гадаад сурах бичиг,2
Жуулчдын замнал үзэх зүйлийн тайлбар,О.Намнандорж,2007,Гадаад сурах бичиг,1
Таны эрх зүйн хөтөч,,2013,Гадаад сурах бичиг,1
Reading support workbook,,,Гадаад сурах бичиг,8
Цас,Орхан Памук,2015,Гадаад сурах бичиг,1
Элс Цас,Ш.Шажинбат,2016,Дэлхийн шилдэг сонгодог зохиол,1
Цагаан соёот,Жек Лондон,2015,Дэлхийн шилдэг сонгодог зохиол,3
Чейз,Жеймс Хедли,2018,Дэлхийн шилдэг сонгодог зохиол,3
Очир огтлогч,Гэвш Майкл Роач,2011,Дэлхийн шилдэг сонгодог зохиол,4
Пигийн амьдрал,Янн Мартел,2001,Дэлхийн шилдэг сонгодог зохиол,2
Өлсгөлөн тулаан,Сүзаань Колинз,2008,Дэлхийн шилдэг сонгодог зохиол,3
Нууц арал,Жюль Верн,2017,Дэлхийн шилдэг сонгодог зохиол,1
Улаан асрын зүүд,Цао Шюэнчинь Гао ө,2017,Дэлхийн шилдэг сонгодог зохиол,4
Хорвоогийн өнгө,Ж.Бямба,2018,Дэлхийн шилдэг сонгодог зохиол,3
Эргэлт,Мо Янь,2017,Дэлхийн шилдэг сонгодог зохиол,2
Тиффани дахь өглөөний цай,Трүмэн Капоти,2018,Дэлхийн шилдэг сонгодог зохиол,1
Нууцат арал,Жюль Верн,2011,Дэлхийн шилдэг сонгодог зохиол,1
Даян дэлхийн жигшүүрт түүх,Хорхе Лиус Борхес,2017,Дэлхийн шилдэг сонгодог зохиол,4
Усны хүүхдүүд,Чарльз,2017,Дэлхийн шилдэг сонгодог зохиол,2
Дайны хүлэг,Майкл Морпүрго,2012,Дэлхийн шилдэг сонгодог зохиол,2
Хувирал тэргүүн тууж өгүүллэг,Франц Кафка,2016,Дэлхийн шилдэг сонгодог зохиол,5
Би энгийн амьдарлыг сонгосон,Фүмио,2015,Дэлхийн шилдэг сонгодог зохиол,1
"Сайна уу , гуниг минь",Франсуаз саган,2018,Дэлхийн шилдэг сонгодог зохиол,4
тагнуулч,Пауло Коэльо,2017,Дэлхийн шилдэг сонгодог зохиол,1
Индиан арлын нууцлаг түүх,Агата Кристи,2017,Дэлхийн шилдэг сонгодог зохиол,5
Дайны муур,Майкл Морпүргөү,2005,Дэлхийн шилдэг сонгодог зохиол,2
Тиффани дахь өглөөний цай,Трүмэн Капоти,2015,Дэлхийн шилдэг сонгодог зохиол,1
Япон өгүүллэг тууж,,2016,Дэлхийн шилдэг сонгодог зохиол,5
Ураныг уулын цулд нь уусгах аргаар олборлох цооногийн талбайн технологи,"Ван Хай Фэн, Тайн Яа Хуй, Ду Юн Бин, Су Ше Бин",2018,Дэлхийн шилдэг сонгодог зохиол,2
Сураггүй болсон бүсгүй,Гилианн Флинн,2019,Дэлхийн шилдэг сонгодог зохиол,1
Чевенгүр,Андрей Платонов,2017,Дэлхийн шилдэг сонгодог зохиол,2
Истамбул дурсамж ба хот,Орхан Памук,2018,Дэлхийн шилдэг сонгодог зохиол,2
Хар захын гудамжны Спиноза,Паблишинг,2018,Дэлхийн шилдэг сонгодог зохиол,6
Хайр сэтгэл болон бусад чөтгөрийн тухай,Габриэл Гарсия Маркес,2016,Дэлхийн шилдэг сонгодог зохиол,1
Матилда,Роал дал,2019,Дэлхийн шилдэг сонгодог зохиол,6
Харри августын эхний арван таван амьдрал,Клайр Норт,2017,Дэлхийн шилдэг сонгодог зохиол,4
Уулсын цууриа,Халед Хоссени,,Дэлхийн шилдэг сонгодог зохиол,3
Гурван улсын үлгэр,Луо Гуаньжун,2017,Дэлхийн шилдэг сонгодог зохиол,2
Цаасан шувуу наадуулагч,Халед Хоссейни,,Дэлхийн шилдэг сонгодог зохиол,3
Сүүлчийн могикан,Фенимор Купер,2017,Дэлхийн шилдэг сонгодог зохиол,3
Өглөөний хүн,Сайшо хироши,2008,Дэлхийн шилдэг сонгодог зохиол,1
Хөх тарианы харуул,J.D.Salinger,,Дэлхийн шилдэг сонгодог зохиол,
Хөх тарианы талбайн ирмэгт,Жерон Сэлинжер,2017,Дэлхийн шилдэг сонгодог зохиол,3
Цаазын тавцан,Чингиз Айтматов,2017,Дэлхийн шилдэг сонгодог зохиол,2
Дөнгөж 13 Лоны бодит түүх,,2019,Дэлхийн шилдэг сонгодог зохиол,2
Тагнуулч,Паул Коэльо,2017,Дэлхийн шилдэг сонгодог зохиол,3
Чернобылийн эмгэнэлт залбирал,Светлана Алексиевич,2017,Дэлхийн шилдэг сонгодог зохиол,3
,Марио Пюзо,,Дэлхийн шилдэг сонгодог зохиол,4
Чонон сүлд,Зян Рун,,Дэлхийн шилдэг сонгодог зохиол,2
Чөлөөт нийгмийн үндсэн зарчмууд,,2007,Дэлхийн шилдэг сонгодог зохиол,1
Аавын охин байсан,Х.Ноорман Враит,,Дэлхийн шилдэг сонгодог зохиол,2
Made in america миний дуртгал,Сэм Уолтон,2019,Дэлхийн шилдэг сонгодог зохиол,1
300 гийн далд бүлэглэл хуйвалдагчдын шатлан захирах ёс,Жон Колеман,2018,Дэлхийн шилдэг сонгодог зохиол,1
Утсан дээрх шувуу,Василий Песков,1988,Дэлхийн шилдэг сонгодог зохиол,2
Нөхрийн нууц,Лиана Мориарти,2017,Дэлхийн шилдэг сонгодог зохиол,3
Бахархал ба бардамнал,Жэйн Остин,,Дэлхийн шилдэг сонгодог зохиол,3
Сэтгэх урлаг,Фредрик Харен,2017,Дэлхийн шилдэг сонгодог зохиол,1
100 жилийн ганцаардал,Габриэл Гарсия Маркес,,Дэлхийн шилдэг сонгодог зохиол,1
Бидний харж чадахгүй гэрэл гэгээ,Антони Дорр,2015,Дэлхийн шилдэг сонгодог зохиол,2
Бяцхан кокогийн түүх,Ева Бирн,2019,Дэлхийн шилдэг сонгодог зохиол,2
Амьдрал цэцгийн эртний нууц /боть - I /,Друнвало Мелхиседик,2008,Дэлхийн шилдэг сонгодог зохиол,2
Нууц түвд орон,С.Л.Кузьмин,2011,Дэлхийн шилдэг сонгодог зохиол,1
Түүхийн төгсгөл ба сүүлчийн хүн,Francis Fukuyama,2006,Дэлхийн шилдэг сонгодог зохиол,1
Дунд гурван жилийн монгол ван тайж нарын намтар,Цю Цзюсы,2011,Дэлхийн шилдэг сонгодог зохиол,1
Бохир мөнгө,Мэттью Бэнс,,Дэлхийн шилдэг сонгодог зохиол,1
Эх сурвалж,Айн Рэнд,2008,Дэлхийн шилдэг сонгодог зохиол,1
Хувь заяагаа сонгох нь,"Мильтон Фридман , Рөүз Фридман",2007,Дэлхийн шилдэг сонгодог зохиол,1
Энэрэхүйн нигүүлсэн учир,Х.Шонхор,2017,Дэлхийн шилдэг сонгодог зохиол,1
Өдрөөс үлдсэн зүйл,Казүо Ишигүро,2018,Дэлхийн шилдэг сонгодог зохиол,3
Сүлжээндэх ганцаардал,Януш Леон Вишневский,2018,Дэлхийн шилдэг сонгодог зохиол,1
Тэвчихийн аргагүй хөнгөн оршихуй,Милан Кундера,2016,Дэлхийн шилдэг сонгодог зохиол,3
Шөнө,Эли Визель,2018,Дэлхийн шилдэг сонгодог зохиол,5
Шок номлол,Наоми Клайн,,Дэлхийн шилдэг сонгодог зохиол,
Чейвенгүр,Андрей Платонов,2017,Дэлхийн шилдэг сонгодог зохиол,2
Бидний оддын алдаа,Жон Грийн,2012,Дэлхийн шилдэг сонгодог зохиол,4
Диана зүрх сэтгэлийн гүнж,Стефан Берн,2009,Дэлхийн шилдэг сонгодог зохиол,1
Монте кристогүн I,Александр Дюма,2009,Дэлхийн шилдэг сонгодог зохиол,1
Төр төвхнүүлэгч Их жанжин доголон Төмөр,Харольд Лэмб,2016,Дэлхийн шилдэг сонгодог зохиол,3
Чингис хаан,Харольд Лэмб,2018,Дэлхийн шилдэг сонгодог зохиол,4
Улаан асрын зүүд / Хураангуйлсан хувилбар/,Цао Шюэнчинь Гао ө,2017,Дэлхийн шилдэг сонгодог зохиол,4
Баруун этгээдэд зорчсон тэмдэглэл / Хураангуйлсан хувилбар/,Ү Чөнэнь,2017,Дэлхийн шилдэг сонгодог зохиол,5
Сүн улсын хүйтэн уулын бичиг,Ши Найань,2017,Дэлхийн шилдэг сонгодог зохиол,2
хоёр дахь хөмрөг,Айзек Азимов,2015,Дэлхийн шилдэг сонгодог зохиол,2
Ялалтын намтар,Л.Чойжилсүрэн,1988,Дэлхийн шилдэг сонгодог зохиол,1
Алтангадас чигийг заана,Л.Түдэв,1968,Дэлхийн шилдэг сонгодог зохиол,1
Буурал ижийнхээ хөлийг юугаар дулаацуулсан билээ,Долгорын Цэнджав,2010,Дэлхийн шилдэг сонгодог зохиол,1
Гаттын эрэлд,Эрик Нойч,1990,Дэлхийн шилдэг сонгодог зохиол,1
Нар сэвхтсэн жил,Г.Панжикизе,1991,Дэлхийн шилдэг сонгодог зохиол,1
Цаст уулын барс,Дэнзэн Норгай,1965,Дэлхийн шилдэг сонгодог зохиол,1
Нүүдэлчид,Илияс Есенберлин,,Дэлхийн шилдэг сонгодог зохиол,1
Зааг,Антолий Ананьев,,Дэлхийн шилдэг сонгодог зохиол,1
Дурсаж яваарай,Валентин Распутин,1990,Дэлхийн шилдэг сонгодог зохиол,2
Мунхагийн мэргэн санаа,Лион Фойхтвангер,1989,Дэлхийн шилдэг сонгодог зохиол,1
Хүний тавилан,Н.Надмид,1990,Дэлхийн шилдэг сонгодог зохиол,1
Мөрч,Ф.Купер,1990,Дэлхийн шилдэг сонгодог зохиол,1
Долоо дахь загалмай,Анна Зегерс,1976,Дэлхийн шилдэг сонгодог зохиол,1
Суут хүмүүсийн амьдрал,А.Тишков,1990,Дэлхийн шилдэг сонгодог зохиол,1
Гамшгийн ул мөр,Василь Быков,1988,Дэлхийн шилдэг сонгодог зохиол,1
Өглөө болтол тэсэхүй,Василь Быков,1988,Дэлхийн шилдэг сонгодог зохиол,1
Орох орн ч үгүй,Й.Авижюс,1977,Дэлхийн шилдэг сонгодог зохиол,1
Улаан хий,Эдуард Тоноль,2010,Дэлхийн шилдэг сонгодог зохиол,1
Манан будан,Ж.Пүрэв,1988,Дэлхийн шилдэг сонгодог зохиол,1
Омар хайямын домог,Георгий Гулиа,1989,Дэлхийн шилдэг сонгодог зохиол,1
Тожмой луутай тулалдсан нь,Карел Чапек,1988,Дэлхийн шилдэг сонгодог зохиол,1
Арван гурав дугаар зуунд нүд ирмэхийн зуур амь егүүтгэгч,Dasher,2012,Дэлхийн шилдэг сонгодог зохиол,1
Цайз,Арчибалд Жозеф Кронин,2010,Дэлхийн шилдэг сонгодог зохиол,1
Гал тогооны өрөө,Ёшимото Банана,2011,Дэлхийн шилдэг сонгодог зохиол,1
Түгшүүртэй зөргүүд дээр,С.А.Ваупшасов,1986,Дэлхийн шилдэг сонгодог зохиол,1
Атишийн бэлэг,Ошо,2012,Дэлхийн шилдэг сонгодог зохиол,1
Амьдрал хаан хэзээ хэрхэн үүссэн бэ?,Анатолий Варшавский,1989,Дэлхийн шилдэг сонгодог зохиол,1
Ардын жүжиг наадмын аман зохиол,,1988,Дэлхийн шилдэг сонгодог зохиол,1
1911 онд монголын үндэсний тусгаар тогтнолыг сэргээн тунхагласан түүхийг нэхэн шинжлэхүй,Ли Иён Ре,2011,Дэлхийн шилдэг сонгодог зохиол,1
Монгол их хатдын нууц товчоо,Жак уэиерфорд,2010,Дэлхийн шилдэг сонгодог зохиол,2
Монгол туургатны үлгэр,,2016,Дэлхийн шилдэг сонгодог зохиол,1
Америк орон ардчиллын туршлага,Даниел Ж.Бурстин,2005,Дэлхийн шилдэг сонгодог зохиол,1
Америк өгүүлэгийн цоморлиг,Н.Доржготов,2010,Дэлхийн шилдэг сонгодог зохиол,1
Гурван удирдагч,Ростивлав УльНовский,1990,Дэлхийн шилдэг сонгодог зохиол,1
Хэл барих хэцүү даалгавар,Владимир карпов,,Дэлхийн шилдэг сонгодог зохиол,1
Хэл барих хэцүү даалгавар,Владимир карпов,1981,Дэлхийн шилдэг сонгодог зохиол,1
20 р зууны утга зохиолын дээж суварга,Тэүха,,Дэлхийн шилдэг сонгодог зохиол,1
Бүсгүйн код,Барбара Коркоран,2017,Дэлхийн шилдэг сонгодог зохиол,1
Тууж өгүүллэг,Н.А.Некрасов,2004,Дэлхийн шилдэг сонгодог зохиол,1
Мөрч,Ф.Купер,,Дэлхийн шилдэг сонгодог зохиол,1
Хүний тавилан,Н.Надмиа,1990,Дэлхийн шилдэг сонгодог зохиол,1
Харь гаригийнханы захиас,Раел,,Дэлхийн шилдэг сонгодог зохиол,1
Миний дөрвөн хараацай,Ө.Баасанжав,1991,Дэлхийн шилдэг сонгодог зохиол,1
Аянга сөрөөд,Данпил,1990,Дэлхийн шилдэг сонгодог зохиол,1
Түүвэр зохиол,Ц.Гайтив,1985,Дэлхийн шилдэг сонгодог зохиол,1
Түүвэр зохиол,Ц.Гайтив,1985,Дэлхийн шилдэг сонгодог зохиол,1
Бүтээ нь үгүй үерхэл,Э.Л.Войнич,1991,Дэлхийн шилдэг сонгодог зохиол,1
Тариаланч,Ч.Филонечро,1989,Дэлхийн шилдэг сонгодог зохиол,1
Эр зориг,Вера кетлинская,,Дэлхийн шилдэг сонгодог зохиол,1
Ялалт,Чаковский,1987,Дэлхийн шилдэг сонгодог зохиол,1
Мөрч,Ф.Купер,,Дэлхийн шилдэг сонгодог зохиол,1
Мөрч,Ф.Купер,1990,Дэлхийн шилдэг сонгодог зохиол,1
Мөрч,Ф.Купер,1990,Дэлхийн шилдэг сонгодог зохиол,1
Аян замын учрал,Ральтер Скотт,1988,Дэлхийн шилдэг сонгодог зохиол,1
Амьсгал агаар болохуйц,Пол Каланити,2018,Дэлхийн шилдэг сонгодог зохиол,1
Хайр сэтгэийн нууц,Барбара Де Андежелис,,Дэлхийн шилдэг сонгодог зохиол,1
Хайрлах ёсон,Берт Хелингер,2008,Дэлхийн шилдэг сонгодог зохиол,1
Арьсан хүрэмтэй Мадонна,Сабахаттин Али,2016,Дэлхийн шилдэг сонгодог зохиол,1
Мөсний ном,Ю.Смуул,1966,Дэлхийн шилдэг сонгодог зохиол,1
Хулангийн шанд,Балжирын догмид,1989,Дэлхийн шилдэг сонгодог зохиол,1
Бар ээж,Эмч Чуа,2019,Дэлхийн шилдэг сонгодог зохиол,2
Арьсан хүрэмтэй Мадонна,Сабахаттин Али,2016,Дэлхийн шилдэг сонгодог зохиол,1
Тэвчихийн аргагүй хөнгөн оршихуй,Милан Кундера,2016,Дэлхийн шилдэг сонгодог зохиол,4
Зэр зэвсэг минь баяртай,Эрнест Хэмингуэй,2010,Дэлхийн шилдэг сонгодог зохиол,1
Цагаан бээлий,Майн рид,2018,Дэлхийн шилдэг сонгодог зохиол,1
Сүүдэрт гэтэх,Эдогава рампа,,Дэлхийн шилдэг сонгодог зохиол,1
Сексийнн хувьсгал,Вилхельм райх,2007,Дэлхийн шилдэг сонгодог зохиол,1
Аавын охин байсан,Х.Ноорман Враит,2015,Дэлхийн шилдэг сонгодог зохиол,1
Диана гүнжийн түүх,Тина браун,2012,Дэлхийн шилдэг сонгодог зохиол,1
Доктор живаго,Борис Пастернок,1958,Дэлхийн шилдэг сонгодог зохиол,1
Made in america миний дуртгал,Сэм Уолтон,2019,Дэлхийн шилдэг сонгодог зохиол,1
Жений Герхардт,Теодор драйзер,2009,Дэлхийн шилдэг сонгодог зохиол,1
Хурлийз бүсгүй,Майн рид,2018,Дэлхийн шилдэг сонгодог зохиол,2
Дайн ба энх,Лев Толстой,2009,Дэлхийн шилдэг сонгодог зохиол,4
Америкийн эмгэнэлт явдал,Теодор драйзер,2009,Дэлхийн шилдэг сонгодог зохиол,4
Жамаараа яваа ертөнц,Вольтер дэни дидро,2009,Дэлхийн шилдэг сонгодог зохиол,1
Монте кристогүн 3,Александр Дюма,2009,Дэлхийн шилдэг сонгодог зохиол,1
Монте кристо гүн 2,Александр Дюма,2009,Дэлхийн шилдэг сонгодог зохиол,1
Оливер твист,Чарльз Диккенс,2009,Дэлхийн шилдэг сонгодог зохиол,1
Шоовдор хүмүүс,Виктор Гюго,2004,Дэлхийн шилдэг сонгодог зохиол,1
Эрт эдүүгээхийн гайхамшиг сайхан үзэгдэл,,2009,Дэлхийн шилдэг сонгодог зохиол,2
Айвенго,Вальтер Скотт,2009,Дэлхийн шилдэг сонгодог зохиол,1
Хатан хаан мари стюатр,С.Цвейг,2009,Дэлхийн шилдэг сонгодог зохиол,1
Хорин жилийн хойно,Александр Дюма,2009,Дэлхийн шилдэг сонгодог зохиол,1
Бражелон бээл,Александр Дюма,2009,Дэлхийн шилдэг сонгодог зохиол,2
Монгол амдуу мөхсөн хар хот,Петр Кузьмил Козлов,2011,Дэлхийн шилдэг сонгодог зохиол,1
Арбатын хүүхдүүд,Анатолий Рыбаков,,Дэлхийн шилдэг сонгодог зохиол,1
Анна Каренина,Лев Толстой,2016,Дэлхийн шилдэг сонгодог зохиол,5
Салхинд туугдагсад I,Маргарет Миттчел,2015,Дэлхийн шилдэг сонгодог зохиол,6
Хатан хаан марго,Александр Дюма,2014,Дэлхийн шилдэг сонгодог зохиол,1
Сахиус арслан зүрхт ричард палестинд,Вальтер Скотт,2014,Дэлхийн шилдэг сонгодог зохиол,3
Алтан тугал,И.Ильф Е.Петров,2015,Дэлхийн шилдэг сонгодог зохиол,1
Хаан загас,Виктор Астафьев,2017,Дэлхийн шилдэг сонгодог зохиол,1
Мартин Иден,Жек Лондон,2016,Дэлхийн шилдэг сонгодог зохиол,2
Америкийн эмгэнэлт явдал,Теодор драйзер,2016,Дэлхийн шилдэг сонгодог зохиол,3
Гэм зэм,Фёдор михайлович достоеский,2018,Дэлхийн шилдэг сонгодог зохиол,4
Үйлтэй байшин,Ю.Трифонов,2015,Дэлхийн шилдэг сонгодог зохиол,1
Хоббит,Ж.Р.Р.Толкин,,Дэлхийн шилдэг сонгодог зохиол,4
Зураач залуугийн хөрөг,Жэймс Жойс,2014,Дэлхийн шилдэг сонгодог зохиол,1
Нэгдүгээр тоглогч бэлтгэ,Эрнест Клайн,2018,Дэлхийн шилдэг сонгодог зохиол,2
Кьеү бүсгүйн тууж,Нгуен зү,2009,Дэлхийн шилдэг сонгодог зохиол,1
Цагаан бээлий,Майн рид,2018,Дэлхийн шилдэг сонгодог зохиол,1
Амьгүй албатууд,Николай гоголь,,Дэлхийн шилдэг сонгодог зохиол,2
Шадар гурван цэрэг,Александр Дюма,,Дэлхийн шилдэг сонгодог зохиол,2
Салхинд туугдагсад II,Маргарет Миттчел,2015,Дэлхийн шилдэг сонгодог зохиол,5
Хятад дэлхийн гүрэн эргэн ирж байна,Конрад Зайц,,Дэлхийн шилдэг сонгодог зохиол,1
Спартак,Р.Джованьоли,2009,Дэлхийн шилдэг сонгодог зохиол,1
Дэлхийн сонгомол өгүүллэг,,2010,Дэлхийн шилдэг сонгодог зохиол,1
Дагалдагч,Вероника рот,2016,Дэлхийн шилдэг сонгодог зохиол,1
Хятад,Конрад Зайц,,Дэлхийн шилдэг сонгодог зохиол,1
Дагалдагч,Вероника рот,2013,Дэлхийн шилдэг сонгодог зохиол,1
Дэлхийн сонгомол өгүүллэг,,2010,Дэлхийн шилдэг сонгодог зохиол,1
Цагаан бээлий,Майн рид,2018,Дэлхийн шилдэг сонгодог зохиол,1
Хурлийз бүсгүй,Майн рид,2018,Дэлхийн шилдэг сонгодог зохиол,1
Кьеү бүсгүйн тууж,Нгуен зү,2009,Дэлхийн шилдэг сонгодог зохиол,1
Нэгдүгээр тоглогч бэлтгэ,Эрнест Клайн,2018,Дэлхийн шилдэг сонгодог зохиол,1
Зураачийн залуугийн хөрөг,Жеймс жойс,2014,Дэлхийн шилдэг сонгодог зохиол,1
Бидний харж чадахгүй гэрэл гэгээ,Антони Дорр,,Дэлхийн шилдэг сонгодог зохиол,1
Хоббит,Ж.Р.Р.Толкин,,Дэлхийн шилдэг сонгодог зохиол,1
Харри поттер 1,Ж.К.Роулинг,2018,Дэлхийн шилдэг сонгодог зохиол,8
Харри поттер 2,Ж.К.Роулинг,2018,Дэлхийн шилдэг сонгодог зохиол,7
Харри поттер 3,Ж.К.Роулинг,2018,Дэлхийн шилдэг сонгодог зохиол,6
Харри поттер 4,Ж.К.Роулинг,2018,Дэлхийн шилдэг сонгодог зохиол,7
Хорин жилийн хойно,Александр Дюма,2009,Дэлхийн шилдэг сонгодог зохиол,2
Бражелон бээл,Александр Дюма,2009,Дэлхийн шилдэг сонгодог зохиол,2
Обломов,И.А.Гончаров,2016,Дэлхийн шилдэг сонгодог зохиол,4
Хорин жилийн хойно,Александр Дюма,2009,Дэлхийн шилдэг сонгодог зохиол,2
Бовари хатагтай,Гюстав флобер,,Дэлхийн шилдэг сонгодог зохиол,2
Морь унасан толгойгүй хүн,Майн рид,2017,Дэлхийн шилдэг сонгодог зохиол,2
Жерминаль,Эмил зола,2009,Дэлхийн шилдэг сонгодог зохиол,1
Парисын бүсгүй лхаст зорчсон нь,Александр давид неел,,Дэлхийн шилдэг сонгодог зохиол,1
Үзэсгэлэнт анжелика,Анн голон серж голон,2011,Дэлхийн шилдэг сонгодог зохиол,1
Нинжа,Стефен,,Дэлхийн шилдэг сонгодог зохиол,1
Анне Франкийн өдрийн тэмдэглэл,Анне Франк,2010,Дэлхийн шилдэг сонгодог зохиол,1
Зодооны эзэд,М.Н.Алексеев,1989,Дэлхийн шилдэг сонгодог зохиол,1
Тожмой луутай тулалдсан нь,Карел Чапек,1988,Дэлхийн шилдэг сонгодог зохиол,1
Бид нэг нартай,,1983,Дэлхийн шилдэг сонгодог зохиол,1
Түүвэр зохиол,Ч.Лхамсүрэн,1987,Дэлхийн шилдэг сонгодог зохиол,1
Хэл барих хэцүү даалгавар,Владимир карпов,1981,Дэлхийн шилдэг сонгодог зохиол,1
Хорвоо дэлхий уужим хийх ажил их байна,Ким ү жүн,,Дэлхийн шилдэг сонгодог зохиол,2
Дэлхийн алдартай музей галерей,,2009,Дэлхийн шилдэг сонгодог зохиол,1
Чингис хаан,Жеймс чемберс,2011,Дэлхийн шилдэг сонгодог зохиол,1
Дэлхийн улс гүрний товч лавлах,,2010,Дэлхийн шилдэг сонгодог зохиол,1
Агуу худалдагч,Александр,1989,Дэлхийн шилдэг сонгодог зохиол,1
Адаг чуулганы мананцар,И.А.Ефромов,1990,Дэлхийн шилдэг сонгодог зохиол,1
Квентин дорвардын аян замын учрал,Вольтер скотт,,Дэлхийн шилдэг сонгодог зохиол,1
Рок од,Жики Коллинз,2009,Дэлхийн шилдэг сонгодог зохиол,1
Мөнхөрсөн хувьсгалч бүсгүй,Ким ик хен,1992,Дэлхийн шилдэг сонгодог зохиол,1
Ажлаар амьсгалсан он жилүүд,И Мёнбаг,2009,Дэлхийн шилдэг сонгодог зохиол,1
Эртний хүний мөрөөр,Рой Чапмэн эндрюс,2011,Дэлхийн шилдэг сонгодог зохиол,
Этногенез дэлхийн био орчин,Лев гумилев,1934,Дэлхийн шилдэг сонгодог зохиол,1
Баатрын тууль,Дулаан,2008,Дэлхийн шилдэг сонгодог зохиол,1
Загалмайлсан эцэг,Рахат алиев,2009,Дэлхийн шилдэг сонгодог зохиол,1
Соня илтгэж байна,Рутвернэр,1990,Дэлхийн шилдэг сонгодог зохиол,1
Зөгнөлт өгүүлэг тууж,,1991,Дэлхийн шилдэг сонгодог зохиол,1
Михаил иванович сердюков,,1989,Дэлхийн шилдэг сонгодог зохиол,1
Шевченкогийн үйл амьдрал,Мих Зошенко,1990,Дэлхийн шилдэг сонгодог зохиол,1
Конди,Антоиа феликс,1997,Дэлхийн шилдэг сонгодог зохиол,1
Наполеоны эсрэг дайнууд,Мишель франчески бен вейдэр,2012,Дэлхийн шилдэг сонгодог зохиол,1
Тэнгисийн дундах гэрэлт цамхаг,М.Л.Стедман,2017,Дэлхийн шилдэг сонгодог зохиол,1
Феррари машинаа зарсан лам,Робин Шарма,2011,Дэлхийн шилдэг сонгодог зохиол,1
Хэл барих хэцүү даалгавар,Владимир карпов,1981,Дэлхийн шилдэг сонгодог зохиол,1
Тожмой луутай тулалдсан нь,Карел Чапек,1988,Дэлхийн шилдэг сонгодог зохиол,2
Орост хэн жаргалтай вэ,Н.А.Некрасов,1983,Дэлхийн шилдэг сонгодог зохиол,1
Зодооны эзэд,М.Н.Алексеев,1989,Дэлхийн шилдэг сонгодог зохиол,1
Аянга сөрөөд,Даниил Гранин,1990,Дэлхийн шилдэг сонгодог зохиол,1
Либератарианизм,Дэвид боаз,2005,Дэлхийн шилдэг сонгодог зохиол,1
Оцеола баатар,Майн рид,2010,Дэлхийн шилдэг сонгодог зохиол,1
Фома гордеев,М.Корикий,1990,Дэлхийн шилдэг сонгодог зохиол,2
Нууц дуран хараанд,Империализм,1989,Дэлхийн шилдэг сонгодог зохиол,1
Зоригт анчин бүсгүй,Майн рид,1967,Дэлхийн шилдэг сонгодог зохиол,1
Бетховиний амьдрал,Ромен роллан,1927,Дэлхийн шилдэг сонгодог зохиол,1
20 хоногт англи хэл,Бэсүд алтанагэрэлийн аюурзана,2011,Дэлхийн шилдэг сонгодог зохиол,1
Агуу их босуул,Инесса ломакина,2012,Дэлхийн шилдэг сонгодог зохиол,1
Гоц аюултай бүс,,2010,Дэлхийн шилдэг сонгодог зохиол,1
Эцэг эхчүүдийн алдаа,Ада дема торре,1990,Дэлхийн шилдэг сонгодог зохиол,1
Солонгосын шилдэг зохиолын дээжис,,,Дэлхийн шилдэг сонгодог зохиол,1
Хонх,Олесь гончар,1976,Дэлхийн шилдэг сонгодог зохиол,1
Нобелийн шагналтнуудын айлдвар,,2010,Дэлхийн шилдэг сонгодог зохиол,1
Суут хүмүүсийн амьдрал,Зержинский,1990,Дэлхийн шилдэг сонгодог зохиол,1
Шоовдор хүмүүс,Виктор Гюго,2004,Дэлхийн шилдэг сонгодог зохиол,1
Амьдрал хаан хэзээ хэрхэн үүссэн бэ?,Анатолий Варшавский,1989,Дэлхийн шилдэг сонгодог зохиол,1
Орчин үеийн амьдрал ахуйд фен шүйг хэрэглэх нь,Альберт ло,2010,Дэлхийн шилдэг сонгодог зохиол,1
Бурхадын хотын эрэлд,Эрнст Мулдашев,2007,Дэлхийн шилдэг сонгодог зохиол,1
Харь гаригийнханы захиас,Раел,,Дэлхийн шилдэг сонгодог зохиол,1
Бурхадын хотын эрэлд,Эрнст Мулдашев,,Дэлхийн шилдэг сонгодог зохиол,1
Бүрэнхий,Стефейн мейр,2008,Дэлхийн шилдэг сонгодог зохиол,3
Шинэ сар,Стефейн мейр,2008,Дэлхийн шилдэг сонгодог зохиол,3
Брий таннерийн 2дахь амьдрал,Стефейн мейр,2008,Дэлхийн шилдэг сонгодог зохиол,3
Үүрийн гэгээ,Стефейн мейр,2008,Дэлхийн шилдэг сонгодог зохиол,3
Залуу боолууд,Майн рид,2017,Дэлхийн шилдэг сонгодог зохиол,1
Тиффани дахь өглөөний цай,Трүмэн Капоти,1986,Дэлхийн шилдэг сонгодог зохиол,1
Чийз,Жеймс Хедли,2018,Дэлхийн шилдэг сонгодог зохиол,1
Эрх чөлөөнөөс дайжихуй,Эрик Формм,2010,Дэлхийн шилдэг сонгодог зохиол,1
Өдөр бүр дракертай хамт,,2004,Дэлхийн шилдэг сонгодог зохиол,1
Марко Пологийн замаар,С.Цэрэндорж,2007,Дэлхийн шилдэг сонгодог зохиол,1
Зэрлэг хун 1,Юн Чан,2003,Цуврал зохиол,2
Зэрлэг хун 2,Юн Чан,2003,Цуврал зохиол,2
Цаг хугацаагаар,Амай,2017,Цуврал зохиол,3
Гайхамшигт ертөнц,Амай,2017,Цуврал зохиол,2
Дэлхийн нэг өдөр,Амай,2017,Цуврал зохиол,3
Алганы хээ,Балтсүхийн Эрхэмбаяр,2017,Цуврал зохиол,4
Алганы хээ 2,Балтсүхийн Эрхэмбаяр,2017,Цуврал зохиол,4
Ханзны хатан хаадын хилэнц 2,Ж.Нарана,2018,Цуврал зохиол,5
Ханзны хатан хаадын хилэнц 1,Ж.Нарана,2018,Цуврал зохиол,1
Захиалгат аллага 2,Б.Энхбат,2017,Цуврал зохиол,2
Захиалгат аллага 3,Б.Энхбат,2017,Цуврал зохиол,4
Захиалгат аллага 4,Б.Энхбат,2017,Цуврал зохиол,2
Тавилан 1,Л.Сарантуяа,2015,Цуврал зохиол,2
Тавилан 2,Л.Сарантуяа,2016,Цуврал зохиол,2
Онцгой эрх 2,Лха.Дарьсүрэн,2017,Цуврал зохиол,3
Вангийн нулимс,Todko samson,2018,Цуврал зохиол,3
Чамтай учирхаас өмнө,Жожо мойес,2018,Цуврал зохиол,3
Чамтай учирсанаас хойш,Жожо мойес,2018,Цуврал зохиол,2
1084 3,Мүраками Харүки,2017,Цуврал зохиол,5
1084 2,Мүраками Харүки,2017,Цуврал зохиол,4
1084 1,мүраками Харүки,2017,Цуврал зохиол,3
Зөгийн үүр бусниулсан охин,Стиг Ларсон,2014,Цуврал зохиол,1
Аалзны торонд орооцолдсон охин,Давид лагеркранц,2016,Цуврал зохиол,1
Үхлийн төлөөс,Агата Кристи,2018,Цуврал зохиол,4
Том дэвтэр,Агота Кристоф,2017,Цуврал зохиол,5
Наймаалж 1,Марко Незе,,Цуврал зохиол,1
Наймаалж 2,Марко Незе,,Цуврал зохиол,1
Сүнснүүдийн номын сан,Ренсом ригз,2018,Цуврал зохиол,2
Хоосон хот,Ренсом ригз,2018,Цуврал зохиол,1
Асрамжийн газар,Ренсом ригз,2018,Цуврал зохиол,1
Цыши хатан,Юн Чан,2015,Цуврал зохиол,3
Fifty shades of grey 1,Э.Л.Жеймс,2014,Цуврал зохиол,4
Fifty shades of grey 2,Э.Л.Жеймс,2014,Цуврал зохиол,4
Fifty shades of grey 3,Э.Л.Жеймс,2014,Цуврал зохиол,3
Галаар наадсан охин,Стиг Ларсон,2013,Цуврал зохиол,3
Гурав дахь худал,Агота Кристоф,2018,Цуврал зохиол,3
Нотолгоо,Агота Кристоф,2018,Цуврал зохиол,5
Дуугүй гэрчүүд,Агата Кристи,2017,Цуврал зохиол,2
Номын сангийн цогцос,Агата Кристи,2017,Цуврал зохиол,2
Албингууд ба сахиусан тэнгэрүүд,Дэн Браун,2011,Цуврал зохиол,1
Давинчи код,Дэн Браун,2011,Цуврал зохиол,1
Баабар ингэж өгүүлэв,Баабар,2011,Цуврал зохиол,2
Дархлагдсан,Бямбажавын Баярхүү,,Цуврал зохиол,3
Хэлмэгдсэн,,2018,Цуврал зохиол,3
Эрин зууны хөдөлгүүр,Д.Өлзийбаяр,2016,Цуврал зохиол,4
Бөөгийн домог,Г.Аюурзана,2010,Цуврал зохиол,1
Луун шивээст охин,Стиг Ларсон,2015,Цуврал зохиол,1
Хөх судар 1,В.Инжанаши,2009,Цуврал зохиол,4
Хөх судар 2,В.Инжанаши,2009,Цуврал зохиол,4
Хөх судар 3,В.Инжанаши,2009,Цуврал зохиол,4
Монголчууд нүүдэл суудал 1,Баавар,2009,Цуврал зохиол,3
Монголчууд нүүдэл суудал 2,Баавар,2009,Цуврал зохиол,5
"Ертөнц бодол мэдлэг 1,2,3",С.Молорэрдэн,2018,Цуврал зохиол,8
Сэтгэл санаа,С.Молорэрдэн,2018,Цуврал зохиол,6
Ухаан ухамсар,С.Молорэрдэн,2018,Цуврал зохиол,6
Юмжаагийн Цэдэнбал,Юмжаагийн Цэдэнбал,2016,Цуврал зохиол,2
Юмжаагийн Цэдэнбал 2,Юмжаагийн Цэдэнбал,2016,Цуврал зохиол,1
Хорлоогийн Чойбалсан,Хорлоогийн Чойбалсан,2015,Цуврал зохиол,2
Монголчууд нүүдэл суудал 1,Баабар,2009,Цуврал зохиол,3
Монголчууд нүүдэл суудал 2,Баавар,2009,Цуврал зохиол,5
Сүмтэй бударын чулуу,Р.Чойнам,2011,Цуврал зохиол,2
Элс Цас 1,Ш.Шажинбат,2017,Цуврал зохиол,1
Элс Цас 2,Ш.Шажинбат,2017,Цуврал зохиол,3
Элс цас 3,Ш.Шажинбат,2017,Цуврал зохиол,2
Тунгалаг тамир 1,Ч.Лодойдамба,2017,Цуврал зохиол,4
Тунгалаг тамир 2,Ч.Лодойдамба,2017,Цуврал зохиол,3
Тунгалаг тамир цэнхэр хавтастай,Ч.Лодойдамба,2017,Цуврал зохиол,1
Тунгалаг тамир ногоон хавтастай,Ч.Лодойдамба,2017,Цуврал зохиол,1
Ар халхын шилийн сайн эрчүүд 1,,2011,Цуврал зохиол,3
Ар халхын шилийн сайн эрчүүд 2,,2011,Цуврал зохиол,4
Ах халхын шилийн сайн эрчүүд 4,,2011,Цуврал зохиол,1
Тэнгэрийн ташуур Аттила,Я.Ганбаатар,2016,Цуврал зохиол,5
Моодун Шаньюй,Я.Ганбаатар,2016,Цуврал зохиол,5
Хүүхэн Шаньюй,Я.Ганбаатар,2016,Цуврал зохиол,5
Манан будан,Ж.Пүрэв,2018,Цуврал зохиол,2
Зүрхний хилэн 1,Ж.Пүрэв,2018,Цуврал зохиол,2
Зүрхний хилэн 2,Ж.Пүрэв,2018,Цуврал зохиол,5
Халуун салхи,Осорын Цэндсүрэн,2016,Цуврал зохиол,10
Чонон сүлл,Зян Рун,2010,Цуврал зохиол,1
Мянга нэгэн шөнийн үлгэр 1,Гөлгөөгийн Хадбаатар,2014,Цуврал зохиол,1
Мянга нэгэн шөнийн үлгэр 2,Гөлгөөгийн Хадбаатар,2014,Цуврал зохиол,1
Мянга нэгэн шөнийн үлггэр 3,Гөлгөөгийн Хадбаатар,2014,Цуврал зохиол,1
Мянга нэгэн шөнийн үлгэр 4,Гөлгөөгийн Хадбаатар,2014,Цуврал зохиол,2
Мянга нэгэн шөнийн үлгэр 5,Гөлгөөгийн Хадбаатар,2014,Цуврал зохиол,1
Жаран цагаан хонь,Цэдэвбалын Оюунгэрэл,2017,Цуврал зохиол,9
Ногоон нүдэн лам,Цэдэвбалын Оюунгэрэл,2008,Цуврал зохиол,5
Бүрэн сүйрэл,Стивен кинг,2012,Цуврал зохиол,1
Монгол ухаанаар хөгжихүй,Монгол тэмүүлэл,2010,Цуврал зохиол,1
Хаадын хагарал,Жорж Мартин,2014,Цуврал зохиол,1
Догшин жаран,Исай Калашников,2017,Цуврал зохиол,1
Илдний шуурга,Жорж Мартин,2014,Цуврал зохиол,1
Хаан ширээний тоглоом,Жорж Мартин,2014,Цуврал зохиол,11
Илдний шуурга,Жорж Мартин,2014,Цуврал зохиол,1
Хэрээний найр,Жорж Мартин,2014,Цуврал зохиол,1
Волоколамскийн их зам 3,Длександр бек,,Цуврал зохиол,1
Цаазы тавцан,Чингиз Айтматов,2017,Цуврал зохиол,
Онцгой эрх 1,Лха.Дарьсүрэн,2017,Цуврал зохиол,1
Зүчи түүхэн роман,Л.Сарантуяа,2016,Цуврал зохиол,1
Индиан арлын нууцлаг түүх,Агата Кристи,2017,Цуврал зохиол,1
Оройгүй сүм,Л.Түдэв,2017,Монгол уран зохиол,2
Аугаа эрин,Б.Номинчимэд,2017,Монгол уран зохиол,3
Элс цас,Ш.Шажинбат,2016,Монгол уран зохиол,1
Газар шороо,д маам,,Монгол уран зохиол,1
Толгодын цаана ингэ буйлна,,2017,Монгол уран зохиол,2
Говийн өндөр,С.Дашдооров,2019,Монгол уран зохиол,3
Ээждээ бичсэн 1000 захидал,О.Булганхангай,,Монгол уран зохиол,4
Иргэншлийн замд,Б.Цэнддоо,2015,Монгол уран зохиол,3
Монгол улсын гадаад бодлого,Б.Цэрэндорж,2011,Монгол уран зохиол,1
БНМАУ - ын 2-р их хурал,Ч.Болдбаатар,2008,Монгол уран зохиол,1
Юань улсын их түшмэл Хөх төмөр,Д.Идэр,2012,Монгол уран зохиол,1
Үзэхийн хязгаар,Л.Өлзийтөгс,2019,Монгол уран зохиол,3
Үүлэн хээтэй орчлон,Б.Шүүдэрцэцэг,2019,Монгол уран зохиол,2
Сувдан даруулга,Б.Шүүдэрцэцэг,2019,Монгол уран зохиол,3
Юм юмнаас,П.Бадарч,2016,Монгол уран зохиол,1
Охидын хүмүүэлийн том нууц,Д.Хишигбуян,2012,Монгол уран зохиол,2
Хайрыг ухаарахуй,Б.Пүрэвдорж,2017,Монгол уран зохиол,4
Оройн ганц мод,Д.Оюунчимэг,2018,Монгол уран зохиол,3
Их хувь заяа,С.Удвал,2011,Монгол уран зохиол,2
Манго жимстэй цай,М.Пүрэвмаа,2019,Монгол уран зохиол,2
Дотроосоо,Т.Бум-Эрдэнэ,2016,Монгол уран зохиол,3
Сорхугтани,Б.Сарантуяа,2013,Монгол уран зохиол,2
Бэр цэцэг гүнж,Б.Ренчин,2004,Монгол уран зохиол,1
Нүдний шилэнд үлдсэн зургууд,Л.Өлзийтөгс,2004,Монгол уран зохиол,1
Эрх чөлөө эрхэм үг,С.Молор-Эрдэнэ,2018,Монгол уран зохиол,2
Салхины сүүдэр,Н.Батсуурь,2018,Монгол уран зохиол,2
Төсөөллийн өрөөнд,Л.Өлзийтөгс,2009,Монгол уран зохиол,1
Эртний улиралын түүх,Г.Хашбаатар,2018,Монгол уран зохиол,1
Нийслэлийн замд,М.Надмид,2017,Монгол уран зохиол,1
Могой цэцэг,Д.Пүрэв,2011,Монгол уран зохиол,1
Лонхонд байсан шүлгүүд,Б.Батзаяа,2017,Монгол уран зохиол,2
Таслал,,2009,Монгол уран зохиол,3
Хүнд манан,Б.Лхагвасүрэн,2016,Монгол уран зохиол,5
Бэр цэцэг,Б.Ренчин,2015,Монгол уран зохиол,2
Усны гудамж,С.Пүрэв,2015,Монгол уран зохиол,5
Алхах тоолонд элс нурнам,Х.Нямхишиг,2017,Монгол уран зохиол,2
Урвуу үзэгдэл,Д.Ганбаатар,2019,Монгол уран зохиол,2
Хайрын шаргал Онон,С.Пүрэв,2009,Монгол уран зохиол,1
Хүүхдийн хүмүүжилийн болор судар,Л.Нарантуяа Ц.Халиун,2018,Монгол уран зохиол,1
Жаран дэгдээхий,С.Надмид,2017,Монгол уран зохиол,1
Цэнхэр романс,Л.Сарантуяа,2017,Монгол уран зохиол,1
Бодь мөрийн зэрэг,З.Лувсандагва,2006,Монгол уран зохиол,4
Тасдаж үл болох сарнай,Б.Эрхэмбаяр,2019,Монгол уран зохиол,2
Үүрийг аүмүнжүүлэх судар,,2018,Монгол уран зохиол,1
Чонын алтан шагай,Д.Цэнджав,2017,Монгол уран зохиол,3
Шилийн богд,Г.Мэнд-Ооёо,2015,Монгол уран зохиол,3
Цахилж яваа гөрөөс,Д.Батбаяр,2019,Монгол уран зохиол,1
Элсэн тойрог,Л.Сарантуяа,2019,Монгол уран зохиол,4
Тэжээвэр тэргүүт шилмэл бүтээлийн чуулган,Д.Норов,2017,Монгол уран зохиол,3
Эртний сургаалын зохиолууд,Г.Отгонсүрэн,2015,Монгол уран зохиол,1
Ногоон шуурга,Rock Сайхнаа,2017,Монгол уран зохиол,3
Эрх чөлөөний дайсан,Б.Батчулуун,2010,Монгол уран зохиол,1
Ялагдашгүй ганцаардал,Б.Хишиг-Ундрал,2008,Монгол уран зохиол,1
Монголын уран зохиолын ертөнцөөр,Ч.Оюунгэрэл Б.Сонинцэцэг,2006,Монгол уран зохиол,1
Ротвейлер,Н.Наранцэцэг,2010,Монгол уран зохиол,1
Агуу александраас нэг можгор хүртэл,Г.Түмэнбаяр,2012,Монгол уран зохиол,1
Хосгүй жаран,Т.Мандир,1992,Монгол уран зохиол,1
Цаг хугацааны дэргэд,Х.Сүглэгмаа,2010,Монгол уран зохиол,1
Атга нөж,Б.Лхагвасүрэн,2006,Монгол уран зохиол,2
Морин зэргэлээ улаан түйрэн,Д.Төрбат,2018,Монгол уран зохиол,1
Амуль,Н.Бадамжав,2013,Монгол уран зохиол,1
Бороонд би шүхэр барьдаг,,2018,Монгол уран зохиол,2
Үрэгдсэнийг хүлээгч,Д.Намдаг,2018,Монгол уран зохиол,1
Гэгээнтэн,Г.Мэнд-Ооёо,2016,Монгол уран зохиол,2
Гахайн мөсөн хуяг,Д.Төрбат,2018,Монгол уран зохиол,1
Капиталист намын тунхаг,Р.Ууганбаатар Д.Лхагвасүрэн,2018,Монгол уран зохиол,1
Шүгдэн,Г.Аюурзана,,Монгол уран зохиол,2
Судалны чимээ,Г.Аюурзана,2015,Монгол уран зохиол,1
Хилэнцэт орчлон,Г.Жамьян,2010,Монгол уран зохиол,2
Банзрагчийн төгсгөлийн үг,С.Мөнхсайхан,2011,Монгол уран зохиол,1
Говь нутгийн уртын дууны нэгэн гар бичмэл,Ж.Сүхбаатар Ч.Мөнхтөр,2012,Монгол уран зохиол,1
Дори идэр дүүдээ,Баабар,2017,Монгол уран зохиол,2
Говийн өндөр,С.Дашдооров,1971,Монгол уран зохиол,1
Халуун Зуны бороо,Ш.Жамлийхаа,1989,Монгол уран зохиол,1
Гал морийн цаг,Р.Чойнам,1992,Монгол уран зохиол,1
Ц.Гайтав түүвэр зохиол 4р боть,Ц.Гайтав,1990,Монгол уран зохиол,2
Их хувь заяа,Сономын удвал,2015,Монгол уран зохиол,1
Цаг төрийн үймээн,Д.Намдаг,2015,Монгол уран зохиол,1
Түүвэр зохиол,Ч.Лхамсүрэн,,Монгол уран зохиол,2
Кавказын өгүүллэгүүд,,1989,Монгол уран зохиол,1
Зохист аялгуу,,2006,Монгол уран зохиол,1
Хойт насандаа учирна,,2008,Монгол уран зохиол,1
Хачин тонцшуул,Д.Дашдорж,1991,Монгол уран зохиол,2
Мөнх тэнгэрлэг оршихуйн заяа,Санжаагийн заяа,2005,Монгол уран зохиол,1
Төгс жавхланат нутаг,Пэрэнлэйн Нямлхгва,2003,Монгол уран зохиол,1
Далд түүхийн ил хуудас,Ш.Содномжамц,2011,Монгол уран зохиол,1
Атрынхан,Б.Сосорбарам,1989,Монгол уран зохиол,1
Тэнгэрийн хүү,Б.Баярмагнай,2011,Монгол уран зохиол,1
Түүвэр зохиол 3,Д.Гомбосүрэн,2006,Монгол уран зохиол,2
Хулангийн шанд,Б.Догмид,1989,Монгол уран зохиол,3
Тэнгэр дугарахын өмнө,Ц.Доржготов,1990,Монгол уран зохиол,1
Бидний хорвоо,С.Дашдооров,,Монгол уран зохиол,1
Хөх цэрэг,С.Ганбаатар,2004,Монгол уран зохиол,1
Алтайн тэнгэр,Н.Нагаанбуу,2009,Монгол уран зохиол,1
Морьтон ардын дуу,Ч.Чимэд,1976,Монгол уран зохиол,2
Гучин баатрын зуслан,Ж.Баяржаргал,2002,Монгол уран зохиол,1
Хүлээх өрөөний эзэгтэй,Ш.Цэнд-Аюуш,1992,Монгол уран зохиол,2
Хубилай сэцэн хаан,Д.Жамън,2007,Монгол уран зохиол,1
Зүүдний хот,Ө.Үлэмжтөгс,2012,Монгол уран зохиол,1
Гурван монгол зодолдоно,Д.Баярхүү,2005,Монгол уран зохиол,1
Эрүүл аж төрье,,1990,Монгол уран зохиол,1
Орон орны хоол,Т.Дашдэлэг Ж.Октябрь,1990,Монгол уран зохиол,1
Тэргүүн сайд түшээт ван Г.Чагдаржав,С.Баатар,2006,Монгол уран зохиол,1
Алсрах тусам тодрох гэгээн дурсамж,Ц.Түвшинзаяа,2006,Монгол уран зохиол,1
Нууц наадам,Ч.Дамдиндорж,1991,Монгол уран зохиол,1
Цагаан түнгийн намтар,Б.Бааст,1990,Монгол уран зохиол,1
Охиноо хайсан намтар,Б.Урангоо,2011,Монгол уран зохиол,1
Үнэн хайрын золиос,Д.Бадрангуй,2012,Монгол уран зохиол,1
Цагаан сүүдэр,Ж.Барамсай,1990,Монгол уран зохиол,1
Миний хувь тавилан,Г.Жамсран,2002,Монгол уран зохиол,1
Партизаны комист хүргэх бичиг,С.Цэдэв,1990,Монгол уран зохиол,1
Буянтнаа тонилгосон нь,С.Удвал,1991,Монгол уран зохиол,1
Цаг хугацааны товч түүх,,,Монгол уран зохиол,1
Хэзээ хаан юу,Д.Доржсүрэн,,Монгол уран зохиол,1
Нийгмийн жоом,Баабар,2009,Монгол уран зохиол,1
Зөгнөлт өгүүллэг тууж,,1991,Монгол уран зохиол,1
Дэлтэй цэнхэр нутаг,Д.Азар,2011,Монгол уран зохиол,1
Юм үнэхээр сайхан,Б.Цэдэв,2009,Монгол уран зохиол,1
Илиада - д нэвтрэх жим,Той галсан,2012,Монгол уран зохиол,1
Тосонцэнгэлчүүдийн бахархал,З.Моломжамц,2012,Монгол уран зохиол,1
Нэгэн жаран,Э.Цэвээнравдан,2003,Монгол уран зохиол,1
Өөрөө бүтсэн ном,,2008,Монгол уран зохиол,1
Хорт зэрэглээний оронд,Ж.Гал,1988,Монгол уран зохиол,1
Модон хүний үлгэр,Б.Хишигсүрэн,2011,Монгол уран зохиол,1
Хуучин найз,Б.Батхүү,2010,Монгол уран зохиол,1
Хөх нуруутын зэв хүрэхүй ухаан,С.Жавхлан,2008,Монгол уран зохиол,1
Намхан бор толгод,С.Товуудорж,2012,Монгол уран зохиол,1
Эхийн цагаан сүү,П.Хорлоо,2006,Монгол уран зохиол,1
Хоймслон буулгасан гурван найраглал,А.Шагдарсүрэн,2012,Монгол уран зохиол,1
Манай Америкт,М.Саруул-Эрдэнэ,2009,Монгол уран зохиол,1
Ц.Дамдинсүрэнгийн яруу найргийн аман зохиол уламжлал,Г.Батсуурь,2012,Монгол уран зохиол,1
"Уран зохиолын задлан шинжилгээний онол , арга зүйн ойлголтууд",Д.Галбаатар,2011,Монгол уран зохиол,1
Хүмүүн,Б.Золбаяр,2012,Монгол уран зохиол,1
Хүйтэн хотын романс,П.Батхуяг,2018,Монгол уран зохиол,1
Хүмүүсийн тухай,Ж.Нэргүй,2008,Монгол уран зохиол,1
Нөхөрсөг шог хөрөг,Н.Оргил,,Монгол уран зохиол,1
Миний хүссэн ардчилал биш,Т.Оюунчимэг,2011,Монгол уран зохиол,1
Хүний үүсэл 2,Г.Армаа,2008,Монгол уран зохиол,1
Унаган багын дуртгал,Т.Баасансүрэн,1990,Монгол уран зохиол,1
Монгол ардын тууль,Ц.Өлзийхутаг,1989,Монгол уран зохиол,1
Өргөмөл заяа,Бадрахын Чимид,2004,Монгол уран зохиол,1
Хулангийн шанд,Балжидын Догмид,1989,Монгол уран зохиол,1
Мухар гуя,Ж.Лодой,1991,Монгол уран зохиол,1
Ялалтын намар,Л.Чойжилсүрэн,1988,Монгол уран зохиол,1
Сэтгэх урлаг,,2017,Монгол уран зохиол,1
Маврикийн бага нас,Евгений пермик,1987,Монгол уран зохиол,1
Айдас,Анатолий рыбак,,Монгол уран зохиол,1
20 р зууны утга зохиолын дээж суварга,М.Пүрэвмаа,,Монгол уран зохиол,1
Мөнхийн талх,Александр Беляев,1990,Монгол уран зохиол,2
Санаа зача хоер минь,Б.Нямаа,,Монгол уран зохиол,1
Үүл бид хоёр,Б.Дэлгэртуяа,2010,Монгол уран зохиол,1
Хүүхдээ хэрхэн хүмүүжүүлэх вэ,Ш.Ичинхорлоо,2012,Монгол уран зохиол,1
Мөнх хөх тэнгэр баганадсан мөнгөн цагаан уулсын оргилд,Санжаагийн заяа,2011,Монгол уран зохиол,1
Нарны сургууль,Ш.Ванчаарай,1989,Монгол уран зохиол,2
Эргүүлэг,Санжийн Пүрэв,1989,Монгол уран зохиол,1
Сургулийн нар,Ц.Базаррагчаа,1989,Монгол уран зохиол,2
Сонголт,Б.Энхжин,2012,Монгол уран зохиол,1
Ертөнцийн үүслийн мөн чанар,Х.Намсрай,2011,Монгол уран зохиол,1
Макробиотик 21р зуун,П.Анужин,2010,Монгол уран зохиол,1
Нар тоссон өглөө,Г.Цэрэндорж,1990,Монгол уран зохиол,1
Тарас шевченкогийн үйл амьдрал,Мих зошенко,1990,Монгол уран зохиол,1
Хүн загасны цөөрөм,Б.Баярсайхан,2008,Монгол уран зохиол,1
Би чамд хайртай,У.Ууганбат,2011,Монгол уран зохиол,2
Би чамд хайртай,У.Ууганбат,2009,Монгол уран зохиол,1
Чорос роман,Дамдины Жамян,2009,Монгол уран зохиол,1
Салхины сүүдэр,Норжинбуугийн Батсуурь,2018,Монгол уран зохиол,2
Равенсбрюкт Зовлонгоо эдлэгчид,Ш.Мюллер,1990,Монгол уран зохиол,1
Заяа тавлингийн орчлон,Л.Содов,1989,Монгол уран зохиол,1
Mars,Gregory vogt,2001,Монгол уран зохиол,1
Монгол түмний тэнгэр унших эрдэм,Ш.Төмөрбат,1991,Монгол уран зохиол,2
Гурван сайхан үг,Д.Хүү,1991,Монгол уран зохиол,1
Хуруу хүрэхгүй могойн зулзага,Нанжаагийн лхагва,1990,Монгол уран зохиол,1
Газар тэнгисээр роман,Д.Чойжамц,2010,Монгол уран зохиол,1
Шинэ зууны хүүхэд хөгжил,Цогоогийн Хулан,2016,Монгол уран зохиол,1
Хадан хотын мангаанууд,Д.Гармаа,1991,Монгол уран зохиол,1
Ган дөрөө,Осорын Цэндсүрэн,1989,Монгол уран зохиол,1
Монголын уран зохиолын ертөнцөөр,,2006,Монгол уран зохиол,1
Нар хурайлсан хийморь,Цэрэнтулгын Түмэнбаяр,2008,Монгол уран зохиол,1
Зоогийн газрын үйлчилгээний зохион байгуулалт технологи,Ж.Октябрь,2003,Монгол уран зохиол,1
Эдийн тэнгэртэй холбогдъё гэвэл,Авдартай төсөл,2011,Монгол уран зохиол,1
Баяжих тоглоом буюу төрийг бизнес болгосон түүх,Дамбын Одгэрэл,2009,Монгол уран зохиол,1
Урвуу үзэгдэл,Дашдаваагийн Ганбаатар,2019,Монгол уран зохиол,1
Арын сайн арагбуурал,Ж.Сандаг,1991,Монгол уран зохиол,1
Харь гаригийн өгүүллэгүүд,П.Батхуяг,2011,Монгол уран зохиол,1
Эртний амьтны сүүдэр,,1974,Монгол уран зохиол,1
Шажныг ухаарахад,Ижий сахиус,2008,Монгол уран зохиол,1
Мянган уулын эрдэнэ,,2002,Монгол уран зохиол,1
Эр зориг,Вера кетлинская,,Монгол уран зохиол,1
Цаазы тавцан,Чингиз Айтматов,1989,Монгол уран зохиол,1
Оддын эрхи,Чимиддоржийн Нацагдорж,1987,Монгол уран зохиол,1
Хайрын амт,Тогтохбаярын Хонгорзул,2009,Монгол уран зохиол,1
Зохиолчидтой дөрөө харшуулсан тэмдэглэлүүд,Данзангийн Нямаа,2012,Монгол уран зохиол,1
Хүүхдийн буруу юу,Ясэмин Ялчин Актосун,2004,Монгол уран зохиол,1
Согоонцэцэг,Д.Бадрангуй,2007,Монгол уран зохиол,1
Атга нөж,Бавуугийн Лхагвасүрэн,2006,Монгол уран зохиол,2
Автомашины монгол орос англи зурагт толь,Д.Готов,2014,Монгол уран зохиол,1
Арга ухаант амьтдын үлгэр,Т.Жамъянсүрэн,1990,Монгол уран зохиол,1
Эрийн сайн хан харангуй,П.Хорлоо,2003,Монгол уран зохиол,1
Алхах тоолонд элс нурнам,Х.Нямхишиг,2017,Монгол уран зохиол,2
Мөнх хөх тэнгэрийн эрдэнийн орон,Рагчаа,2011,Монгол уран зохиол,1
Монгол жангар,,2006,Монгол уран зохиол,1
Монгол туужийн туурвил зүй,А.Мөнхоргил,2011,Монгол уран зохиол,1
Чингис,,2011,Монгол уран зохиол,1
Тэнгэрийн ташуур Аттила,Я.Ганбаатар,2016,Монгол уран зохиол,1
Дорно дахины уран зохиол,С.Хөвсгөл,2010,Монгол уран зохиол,1
Хөвсгөлийн алтан ном,Ч.Нямжав,2011,Монгол уран зохиол,1
Нягтлан бодох бүртгэлийн нэр томжъёоны англи монгол товч тайлбар толь,Лхагваагийн Энхмэнд,2008,Монгол уран зохиол,1
Үлэмжийн чанар,А.Шартолгой,2011,Монгол уран зохиол,1
Туульсын цэнхэр хязгаар,А.Шартолгой,2011,Монгол уран зохиол,1
Амрах завгүй залуус,Балжинямын Дашравдан,,Монгол уран зохиол,1
Тунгалаг Буянт,,2005,Монгол уран зохиол,2
Хүний заяа 1,Н.Жанцанноров,2000,Монгол уран зохиол,3
Зүчи хаан,Л.Сарантуяа,2016,Монгол уран зохиол,1
Хотол цагаан гүнж,Б.Шүүдэрцэцэг,2018,Монгол уран зохиол,2
Бөхөөгүй зул,Л.Сарантуяа,2016,Монгол уран зохиол,1
Хар хулангийн бөгж,З.Баяр,2009,Монгол уран зохиол,2
Пигийн амьдрал,Янн Мартель,2017,Монгол уран зохиол,1
Газар шороо,Д.Маам,2018,Монгол уран зохиол,1
Алтайд,Ч.Лодойдамба,,Монгол уран зохиол,1
Эрх чөлөө эрхэм үг,С.Молор-Эрдэнэ,2018,Монгол уран зохиол,1
Тэнгэрийн таалал,Л.Сарантуяа,2018,Монгол уран зохиол,1
Очир эрхшээгч,Б.Батрэгзэдмаа,2017,Монгол уран зохиол,1
Үүрийн туяа,Ренчин,1993,Монгол уран зохиол,1
Эрчүүдийн амьдралын хамгийн чухал 1 жил,Ван Шин Пан,,Хувь хүний хөгжил,2
Өрсөлдөх чадвар,Б.Батзаяа,2017,Хувь хүний хөгжил,1
Зан төлөвшлийн нүцгэн толь,Маркус Томас,2014,Хувь хүний хөгжил,1
Бусдыг татах 25 арга,,,Хувь хүний хөгжил,1
Эрчүүд яагаад муу эмэгтээтэй гэрлэдэг вэ,Шерри Аргов,2011,Хувь хүний хөгжил,2
Гарамгай удирдагчид,,2017,Хувь хүний хөгжил,2
Менежер удирдахуйн нууц,С.Оюунгэрэл,,Хувь хүний хөгжил,2
Хятад үйлдвэрлэв,Дональд Н.Салл,2010,Хувь хүний хөгжил,1
Удирдагч хүний баримтлах ЖЕК УЭЛЧИЙН 4-н зарчим,Жеффри А.Креймс,2012,Хувь хүний хөгжил,2
Санаагаа бүтээлч болгох нь,,,Хувь хүний хөгжил,2
Сод ухаантай хүмүүс төрүүлдэг Еврей хүмүүсийн жирэмслэлтийн арга,Хун Ён Жэ,2016,Хувь хүний хөгжил,2
Хорт хавдрыг анагаах гайхамшигт аргууд,Рюхо Окава,2015,Хувь хүний хөгжил,2
Баатар,Ронда Берн,2013,Хувь хүний хөгжил,1
Хүч,Ронда Берн,2010,Хувь хүний хөгжил,2
Ид шид,Ронда Берн,2012,Хувь хүний хөгжил,2
Мөрөөдлийн хүч,Жон Сон Чол,2018,Хувь хүний хөгжил,2
Ном унших ном,"Mortimer J.Adler, Charles Van Doren",2015,Хувь хүний хөгжил,2
Сайхан амьдрах урлаг,Ролф Добэлли,2017,Хувь хүний хөгжил,2
Марк Зукербергийн бүтээсэн ертөнц фэйсбүүк,Екатрина Уолтер,2018,Хувь хүний хөгжил,2
Трамп наймааны урлаг,"Дональд Трамп, Тони Шварц",2019,Хувь хүний хөгжил,2
Монгол зарчим 1,С.Эрдэнэболд,2017,Хувь хүний хөгжил,2
Ертөнцийг өөрчилсөн 50 компани,,2019,Хувь хүний хөгжил,2
Та эрүүл энхийн соронз,,,Хувь хүний хөгжил,2
Амжилтад хүрэх гал эрмэлзэл,Инамори Казүо,2018,Хувь хүний хөгжил,2
Цэгцтэй сэтгэх урлаг,Ролф Добэлли,2011,Хувь хүний хөгжил,1
Хүмүүстэй хэрхэн ярилцах нь,Лэйл Лөундэз,2019,Хувь хүний хөгжил,2
Сая долларын зуршлууд,Роберт Рингер,2019,Хувь хүний хөгжил,2
Далд ухамсар бүхнийг чадна,Жон Кехо,2016,Хувь хүний хөгжил,2
Аз жаргалын нууц,Майк Викинг,2020,Хувь хүний хөгжил,1
Хөөрөх мөч,Мелинда Гейтс,2020,Хувь хүний хөгжил,1
Хятадын далд мөрөөдөл,Рюхо Окава,2013,Хувь хүний хөгжил,2
Санаагаа бүтээл болгох нь,"Чип Хийт, Дэн Хийт",2019,Хувь хүний хөгжил,2
Шударга ёсны хууль,Рюхо Окава,2016,Хувь хүний хөгжил,2
Мөнхийн хууль,Рюхо Окава,1997,Хувь хүний хөгжил,2
Үргэлж ялан дийлэх сэтгэхүй,Рюхо Окава,2016,Хувь хүний хөгжил,2
Нарны хууль,Рюхо Окава,2017,Хувь хүний хөгжил,2
Зөв сэтгэлийн эрэлд,Рюхо Окава,2015,Хувь хүний хөгжил,2
Аз жаргалд хөтлөх зөвлөмжүүд,Рюхо Окава,2015,Хувь хүний хөгжил,2
Аз жаргалын хууль,Рюхо Окава,2015,Хувь хүний хөгжил,2
Тэд яаж харвардад тэнцсэн бэ,,2005,Хувь хүний хөгжил,2
Зарчим төвтэй манлайлал,Стефен Р.Кови,2020,Хувь хүний хөгжил,1
Нөлөөлөл ятгалгын сэтгэл зүй,Роберт Б.Чалдини,2007,Хувь хүний хөгжил,1
Амьдралын хичээл,Боб Рюүн,2015,Хувь хүний хөгжил,2
Самсунг компанийн ерөнхий захирал И-ГОН ХЫ-гийн удирдлагын ухаан болон амжилтын нууц,Ким Бён Уан,2015,Хувь хүний хөгжил,2
Хадгаламж өлсөхөөс эхэлнэ,Г.Мөнгөн,2019,Хувь хүний хөгжил,1
Нирваан,,2016,Хувь хүний хөгжил,1
"Ай даа, энэ шүү дээ",,2016,Хувь хүний хөгжил,1
Зам мөр жам ёс,,2016,Хувь хүний хөгжил,1
Эртний сайхан аялгуу,,2016,Хувь хүний хөгжил,1
Ухаарал бясалгал гэгээрэл,,2016,Хувь хүний хөгжил,1
Чанадын чанадад,,2016,Хувь хүний хөгжил,1
Очир огтлогч судар,,2016,Хувь хүний хөгжил,1
Тантрын дуудлага,,2016,Хувь хүний хөгжил,1
Өөрөө өөртөө гэрэл бол,,2016,Хувь хүний хөгжил,1
Нууцын ном,,2016,Хувь хүний хөгжил,1
Сагсан бөмбөгийн үндсэн дасгал сургуулилт 2,Б.Дамба,2014,Хувь хүний хөгжил,2
Жин хасах 6 нууц,У.Уянга,2012,Хувь хүний хөгжил,2
Ухаант хүмүүсийн сургаалаас,,2018,Хувь хүний хөгжил,2
Алхимич,Пауло Коэльо,2017,Хувь хүний хөгжил,1
Хайрлагдсан эмэгтэй,Р.Оюундарь,,Хувь хүний хөгжил,1
Гүйж яваа,Х.Болор-Эрдэнэ,,Хувь хүний хөгжил,2
Хувийн манлайлал ба нэг минутын менежер,"Кен Бланчард, Сюзан Фаулер, Лоуренс",2018,Хувь хүний хөгжил,1
80/20 зарчим,Ричард Кох,2015,Хувь хүний хөгжил,2
Сэтгэл гутрал ба сэтгэл зүйн зөвлөгөө,Д.Мөнхцэцэг,2020,Хувь хүний хөгжил,2
Жин хасахад хэцүү биш,Б.Оюунбилэг,2016,Хувь хүний хөгжил,2
Төслийн удирдлага,,2015,Хувь хүний хөгжил,1
Өөртөө саад бүү хий,Дэйв Холлис,2020,Хувь хүний хөгжил,2
Энгийн Кето,Сьюзан Райан,,Хувь хүний хөгжил,2
Хайрын дөчин дүрэм,Элиф Шафак,2020,Хувь хүний хөгжил,1
Дуулай,Сьюзан Кейн,2019,Хувь хүний хөгжил,2
Ухаалаг нойрсохуй,Шонн Стевенсон,,Хувь хүний хөгжил,1
Ухаалаг ажиллах нь,Бетти Лью,2020,Хувь хүний хөгжил,2
Харилцааны менежмент,Б.Ундармаа,2016,Хувь хүний хөгжил,1
Ярих ур чадвараа тэл,Гари Сейгил,,Хувь хүний хөгжил,1
Нэг жижиг алхмаар амьдралаа өөрчлөх нь,Роберт Маурер,2020,Хувь хүний хөгжил,1
Ичиго ичие,"Хэктор Гарсиа, Францез Мираллэс",2020,Хувь хүний хөгжил,2
Чи бол догь амьтан,Жэн Синсэро,2020,Хувь хүний хөгжил,1
Гайхамшгийн томьёо,Хэл Элрод,2020,Хувь хүний хөгжил,2
Амжилтанд хөтлөх шинэ сэтгэлзүй хандлага,Кэрол С.Дүэк,2016,Хувь хүний хөгжил,1
Шик хатагтайн зөвлөгөө,Женнифер А.Скотт,2018,Хувь хүний хөгжил,2
Боломж дандаа чиний гарт,,2014,Хувь хүний хөгжил,2
Анхдагчид,Адам Грант,2018,Хувь хүний хөгжил,2
Мөрөөдөл эрх,Б.Гэрэлчимэг,2019,Хувь хүний хөгжил,2
Төгс бус байхын гайхамшиг,Брене Браун,2018,Хувь хүний хөгжил,2
Ted talk,Крис Андерсон,2017,Хувь хүний хөгжил,2
Ганц зүйл,"Гари Келлер, Жей Папасан",2019,Хувь хүний хөгжил,2
10% илүү аз жаргалтай,Дэн Харрис,2020,Хувь хүний хөгжил,2
Манлайлагчид сүүлд нь иддэг,Саймон Синек,2020,Хувь хүний хөгжил,2
Манлайллын шилжилт,Жон.К Максвелл,2020,Хувь хүний хөгжил,2
Хөөрөх мөч,Мелинда Гейтс,2020,Хувь хүний хөгжил,2
Саятан хөрш,Стенли Данко,2019,Хувь хүний хөгжил,2
Энгийн дадал,Жеймс Клейр,2019,Хувь хүний хөгжил,2
Эмэгтэй хүн 35 насандаа дахин төрдөг,Юшитаке Дерүку,,Хувь хүний хөгжил,2
Сэтгэл татам эмэгтэйн 7 нууц,Хелен Курлие Браун,,Хувь хүний хөгжил,1
Хосын жор 1,Э.Дөлгөөн,2020,Хувь хүний хөгжил,1
Гайхам үйлчилгээний ноу хау,Адриан Свинскоу,2019,Хувь хүний хөгжил,2
Урам үг 2,Г.Наранбаатар,2016,Хувь хүний хөгжил,2
Инженерийн лавлах 5,,2014,Хувь хүний хөгжил,1
Санаа авахаас бүү ай,Остин Клеон,2020,Хувь хүний хөгжил,2
Амжилтад хүрдэг хүрдэггүй хүмүүсийн өчүүхэн ялгаа,Ивата Мацуо,2018,Хувь хүний хөгжил,2
Ор хөнжлийн орос орон,Эдуард Топел,2019,Хувь хүний хөгжил,2
Аз жаргалын набор,Г.Наранбаатар,2019,Хувь хүний хөгжил,1
Бүсгүйн код,Барбара Коркоран,2017,Хувь хүний хөгжил,1
Бүсгүйчүүд ургуулан бодолтоосоо чөлөөлөгдөх нь,Суцен Нолен Хоэксэма,2018,Хувь хүний хөгжил,2
Тод гэрэлтэх бүсгүй,,2020,Хувь хүний хөгжил,2
Гоц ухаантай виктор,"Иохом Дэ Посада, Рэймонд Жое",2019,Хувь хүний хөгжил,2
Сэтгэ баяж,Напелион Хилл,2020,Хувь хүний хөгжил,1
21 зууны бизнес,Роберт Кийосаки,2019,Хувь хүний хөгжил,2
Ээж нэг 1% өөрчлөгдөхөд хүүхэд 100% өөрчлөгдөнө,Хун Ян Пю,2020,Хувь хүний хөгжил,2
Сайн нөхөр-аав болох алхмууд,Г.Наранбаатар,2015,Хувь хүний хөгжил,1
Амжилтын аялал,Г.Наранбаатар,2017,Хувь хүний хөгжил,2
Дурласан эмэгтэй хамгийн хөөрхөн,Г.Соёлгэрэл,2020,Монгол уран зохиол,2
Цагаан цувтай бүсгүй,Х.Дуламсүрэн,2019,Монгол уран зохиол,2
Миний муу эжий,Д.Сосор,2020,Монгол уран зохиол,2
Үнэнч хайрын золиос,Д.Бадрангуй,2012,Монгол уран зохиол,2
Согоонцэцэг,Д.Бадрангуй,2012,Монгол уран зохиол,2
Элэг авсан ном,Д.Сосор,2018,Монгол уран зохиол,2
Сэтгэлийн үнэр,Д.Бадрангуй,2014,Монгол уран зохиол,2
Зүүд сахигч,Х.Дуламсүрэн,2019,Монгол уран зохиол,2
Бүсгүй минь нар даган урга,Мэри Анжелина,2011,Монгол уран зохиол,2
Тренди бүсгүй,Т.Гүлдаурен,2020,Монгол уран зохиол,2
Хүн чөтгөр хоёрын дунд бурхан булагдана,Х.Зандраа,2017,Монгол уран зохиол,2
Цусан өшөө,Жек Лондон,2019,Монгол уран зохиол,2
Ижий хайр,Г.Зоригт,2020,Монгол уран зохиол,2
Сувдан даруулга,Б.Шүүдэрцэцэг,2019,Монгол уран зохиол,1
Хувь заяаны хишиг,Б.Пүрэвдорж,2019,Монгол уран зохиол,2
Үхэл үгүй дурлал,С.Хүрэлбаатар,2014,Монгол уран зохиол,2
Даяанчийн хяслан,Б.Пүрэвдорж,2017,Монгол уран зохиол,2
Хөгжмийн эгшиг,Ж.Пүрэв,2019,Монгол уран зохиол,2
Сүнсний томьёо,Г.Аюурзана,2019,Монгол уран зохиол,2
Билгүүн хөх салхи,Б.Пүрэвдорж,2016,Монгол уран зохиол,2
Иргүн,С.Гантуяа,2014,Монгол уран зохиол,2
Нийслэл өргөө дэх цуст хядлага,Ладислаус Форбат,2015,Монгол уран зохиол,2
Хосгүй үзэсгэлэнт хэлгүй эхнэр,Чүн Яао,2016,Монгол уран зохиол,2
Ногоолин хайрцаг,П.Бажов,,Монгол уран зохиол,2
Аллагын талбар,Ли Чайлд,1997,Монгол уран зохиол,2
Гэгээнтэн,Г.Мэнд-Ооёо,2020,Монгол уран зохиол,2
Хөөрхий хүүхнүүдийн хувь тавилан,Д.Аюурзана,2017,Монгол уран зохиол,2
Чи минь байгаа болохоор,Б.Оюун,,Монгол уран зохиол,1
Та хайрын соронз,,,Монгол уран зохиол,2
Хорын ерөндөг,Х.Бат-Ирээдүй,2015,Монгол уран зохиол,2
Шударга амьдралын ид шид,,2012,Монгол уран зохиол,2
Улаан пальто,Б.Шүүдэрцэцэг,2019,Монгол уран зохиол,2
Ус чандмань эрдэнэ,Ц.Очир,2016,Монгол уран зохиол,2
Маршрут,Ц.Очир,2016,Монгол уран зохиол,2
Төвд банхар,Ян Жы Зюнь,,Монгол уран зохиол,1
Ном номын сангийн ертөнцөөр,Х.Бурмаа,2016,Монгол уран зохиол,2
Алтан товч,Лувсанданзан,2015,Түүхийн ном,2
Шихихутаг,Б.Өлзийсүрэн,2015,Түүхийн ном,2
Тэнгэрийн нулимс,Т.Нямдэндэв,2016,Түүхийн ном,2
Хуримын гэрч,,2020,Цуврал зохиол,1
Хайрлагдсан эмэгтэйн зурвас1,Р.Оюундарь,2011,Цуврал зохиол,1
Хайрлагдсан эмэгтэйн зурвас2,Р.Оюундарь,2013,Цуврал зохиол,1
Хайрлагдсан эмэгтэйн зурвас3,Р.Оюундарь,2013,Цуврал зохиол,1
Цас,Орхан Памук,2015,Цуврал зохиол,2
Оюун санааны хээр тал,Г.Мэнд-Ооёо,2018,Цуврал зохиол,2
Шинэ амьдрал,Орхан Памук,2019,Цуврал зохиол,2
Луун шивээст охин,Стиг Ларссон,2005,Цуврал зохиол,2
Өнгөрснөөс ирсэн захидал,Л.Сарантуяа,2015,Цуврал зохиол,2
Доллар,Б.Өлзийсүрэн,2013,Цуврал зохиол,3
Бос гэрэлт,Б.Баярмаа,2020,Цуврал зохиол,2
Тунгалаг хөх асар,Д.Оюунчимэг,2019,Цуврал зохиол,2
Оройгүй сүм,Л.Түдэв,2019,Цуврал зохиол,2
Өрөг тунхаг тамга1,,2020,Цуврал зохиол,2
Өрөг тунхаг тамга2,,2020,Цуврал зохиол,2
Өрөг тунхаг тамга3,,2020,Цуврал зохиол,2
Өрөг тунхаг тамга4,,2020,Цуврал зохиол,2
Кихот ноён боть1,Митель Сервантес,2015,Цуврал зохиол,2
Кихот ноён боть2,Митель Сервантес,2015,Цуврал зохиол,2
Манан будан 1,Ж.Пүрэв,2019,Цуврал зохиол,2
Манан будан 2,Ж.Пүрэв,2019,Цуврал зохиол,2
Тэмүжин1,Алексей Гатапов,2014,Цуврал зохиол,2
Тэмүжин2,Алексей Гатапов,2014,Цуврал зохиол,2
Үхлийн зэвсэг1,Кассандра Клэр,2019,Цуврал зохиол,2
Үхлийн зэвсэг2,Кассандра Клэр,2019,Цуврал зохиол,2
Үхлийн зэвсэг3,Кассандра Клэр,2019,Цуврал зохиол,2
Үхлийн зэвсэг5,Кассандра Клэр,2019,Цуврал зохиол,2
Үхлийн зэвсэг6,Кассандра Клэр,2019,Цуврал зохиол,2
Сүүдрээр алхагч,Майкл Уолтерс,2011,Цуврал зохиол,2
Борооноор уралдах урлаг,Гард Стэйн,,Цуврал зохиол,2
Эхийн сэтгэл,З.Воскресенская,2011,Цуврал зохиол,2
Бүсгүй заяа,Ж.Эрдэнэпил,2020,Цуврал зохиол,1
Моби дик,Херман Мелвилли,2020,Цуврал зохиол,2
Даян дэлхийн жигшүүрт түүх,Хорхе Лиус Борхес,2017,Цуврал зохиол,2
Хараацай зогсолт,Л.Өлзийтөгс,2020,Цуврал зохиол,1
Хар авгай,С.Дашням,,Цуврал зохиол,1
Хүмүүн заяа,Ж.Эрдэнэпил,2019,Цуврал зохиол,1
Шатрын тууж,Стефан Цвейг,2018,Цуврал зохиол,2
Сонгоонцэцэг2,Д.Бадрангуй,2016,Цуврал зохиол,2
Балжмаахан,Ж.Нарана,2020,Цуврал зохиол,2
Жинхэнэ хайр,,2019,Дэлхийн шилдэг сонгодог зохиол,2
"Үлдэх үү, эсвэл",Гэйл форман,2009,Дэлхийн шилдэг сонгодог зохиол,2
Мундаг эр,Теодор драйзер,,Дэлхийн шилдэг сонгодог зохиол,2
Амола үзэгч үгүй үнэн,Б.Гангаамаа,2021,Хувь хүний хөгжил,1
Могой цэцэг,Д.Пүрэв,2011,Монгол уран зохиол,2
Ямар хүүхнүүд безнист амжилт олдоггүй вэ,Лоис П.Франкеа,2010,Хувь хүний хөгжил,2
Шалтаг,Бриан Трэйси,2019,Хувь хүний хөгжил,2
Гоё өгүүлллэг,,2020,Хувь хүний хөгжил,2
Жамсрангийн Цэвээн,С.Лочин,2019,Түүхийн ном,2
Сонголт хийхээс өмнө,Стевин Кобли,2012,Хувь хүний хөгжил,4
Олон улсын худалдаа ба эдийн засаг,Д.Авирмэд,2013,Хувь хүний хөгжил,2
Тууж өгүүллэг өгүүлэл,Ш.Төрбат,2020,Хувь хүний хөгжил,2
Шуудан хороо,Чарльз Буковски,2019,Дэлхийн шилдэг сонгодог зохиол,1
Нүцгэн ирсэн нүцгэн буцна,Х.Дуламсүрэн,2019,Хувь хүний хөгжил,1
Нүцгэн ирсэн нүцгэн буцна,Х.Дуламсүрэн,2017,Хувь хүний хөгжил,1
Дэлхийн уран зохиолын 85 сод туурвил,,2008,Дэлхийн шилдэг сонгодог зохиол,1
Англи хэлний унших бичиг,,2016,Гадаад сурах бичиг,1
Хэцүү анги,А.Амарсайхан,2011,Монгол уран зохиол,1
Сэтгэ баяж,Напелион Хилл,2020,Хувь хүний хөгжил,2
365 өдөр тэр чигтээ аз жаргал,Г.Наранбаатар,2019,Хувь хүний хөгжил,2
Бүдэг улаан од,З.Жадамба,2013,Цуврал зохиол,2
Сэтгэл залгигч хот,Б.Сарантуяа,2019,Цуврал зохиол,2
Хөх хөвчийн домог,Т.Нямдэндэв,2019,Монгол уран зохиол,2
Гоё өгүүлллэг,,2020,Хувь хүний хөгжил,2
Зуугуул,С.Дашням,2019,Монгол уран зохиол,2
Жаран цагаан хонь,,2019,Монгол уран зохиол,2
Өөрийгөө дайчлахуйн гайхам шиг,Н. Батжаргал,2009,Хувь хүний хөгжил,4
Коучинг Дадал,М Б Стеньер,2016,Хувь хүний хөгжил,1
Дээд айл,Todko samson,2019,Роман,1
Анир тасарсан Арван жил,О. Бүрэнжаргал,2016,Монгол уран зохиол,2
Хүний хөгжил ба сэтгэл зүйн зөвлөгөө,Д. Мөнхцэцэг,2020,Хувь хүний хөгжил,1
Анне франкийн өдрийн тэмдэглэл,Анне Франк,2017,Гадаад уран зохиол,2
Сайтар эргэцүүл,Айн Рэнд,2014,Хувь хүний хөгжил,2
Баячууд болон алдартнуудийн бизнесийн түүх,,2017,Хувь хүний хөгжил,2
Бэр цэцгийн дэлбээн дээр,Ц. Рэгзэндавга,2017,Монгол уран зохиол,2
Та мөнгөний соронз,С. Паблишинг,,Хувь хүний хөгжил,2
Урам үг 2,Г. Наранбаатар,2016,Хувь хүний хөгжил,2
Шоша,И. Зингер,2019,Дэлхийн шилдэг сонгодог зохиол,2
Сөргөлдөөнгүй,Ж. Робинсон,2013,Дэлхийн шилдэг сонгодог зохиол,2
Дахиж хүүхдэдээ уурлахгүй,Шино Маки,2019,Хувь хүний хөгжил,2
Икигай,"Хэктор Гарсиа, Францез Мираллэс",2019,Дэлхийн шилдэг сонгодог зохиол,1
Мөрөөдөлд хүрсэн зам минь,Викром Кромадит,2019,Цуврал зохиол,2
Бодол биеллээ олдог,Петр Бок,2020,Хувь хүний хөгжил,1
Хар нүдэн хөвгүүн,С. Батжаргал,2018,Монгол уран зохиол,1
Судлаачын нүдээр харсан,Ц. Батбаяр,2007,Монгол уран зохиол,1
Аз жаргалын нууц,Майк Викинг,2020,Цуврал зохиол,2
Дэлхийн сонгомол яруу найраг,Санфо-гоос Жэймс Тэйт,2008,Дэлхийн шилдэг сонгодог зохиол,1
Зан төлөвшлийн нүцгэн толь,Маркус Томас,2014,Хувь хүний хөгжил,2
могой боолт,Б. Пүрэвдорж,2006,Цуврал зохиол,4
Энэ хачин японууд уу?,Сахоко Кази Торико Хама Жонатан Райс,2012,Дэлхийн шилдэг сонгодог зохиол,1
Амьдралын дараачийн учрал,С. Эрдэнэчимэг,2012,Монгол уран зохиол,2
Сүбээдэй,Б. Өлзийсүрэн,2015,Монгол уран зохиол,1
Монетон бөгж,Т. Баасансүрэн,2011,Монгол уран зохиол,2
Инээхүйн гайхамшиг,Ч. Мөнхбаяр,2010,Монгол уран зохиол,2
Тэнгэрийн хөх уул,С. Дашням,2010,Монгол уран зохиол,2
Агуу том сэтгэ,Рюхо Окава,2016,Дэлхийн шилдэг сонгодог зохиол,2